PIN,Address,Sq. Ft.,Ward,Community Area Name,Zoning Classification,Location
20-20-309-008-0000,6819 S JUSTINE ST,0,16,WEST ENGLEWOOD,RS-3,"(41.76977091, -87.66239192)"
20-18-419-038-0000,6138 S WOOD ST,0,15,WEST ENGLEWOOD,RS-3,"(41.78189418, -87.6694783)"
20-19-210-020-0000,6459 S WOLCOTT AVE,0,15,WEST ENGLEWOOD,RS-3,"(41.77587152, -87.67106295)"
20-18-215-029-0000,5618 S ASHLAND AVE,0,16,WEST ENGLEWOOD,B3-2,"(41.79160365, -87.66492023)"
20-18-429-007-0000,6217 S HERMITAGE AVE,3105,15,WEST ENGLEWOOD,RS-3,"(41.78062948, -87.66753794)"
20-30-215-019-0000,7245 S MARSHFIELD AVE,0,17,WEST ENGLEWOOD,RS-2,"(41.76172559, -87.66460229)"
20-18-215-025-0000,5606 S ASHLAND AVE,0,16,WEST ENGLEWOOD,B3-2,"(41.79194662, -87.66492876)"
20-20-327-035-0000,7042 S LOOMIS BLVD,0,6,WEST ENGLEWOOD,RS-3,"(41.76548718, -87.65932988)"
20-17-109-020-0000,5651 S JUSTINE ST,0,16,WEST ENGLEWOOD,RS-3,"(41.79073652, -87.66292567)"
20-19-215-011-0000,6427 S MARSHFIELD AVE,0,15,WEST ENGLEWOOD,RS-3,"(41.77683143, -87.66507192)"
20-19-430-030-0000,7024 S MARSHFIELD AVE,0,17,WEST ENGLEWOOD,RS-3,"(41.76590059, -87.66541164)"
20-17-408-041-0000,1150 W 61ST ST,0,16,ENGLEWOOD,RS-3,"(41.78351445, -87.65417279)"
20-20-306-011-0000,6723 S THROOP ST,,17,WEST ENGLEWOOD,RS-3,"(41.77158786, -87.65657205)"
20-19-203-002-0000,1819 W 63RD ST,0,15,WEST ENGLEWOOD,RS-3,"(41.77907399, -87.66993489)"
20-19-422-030-0000,6920 S MARSHFIELD AVE,0,17,WEST ENGLEWOOD,RS-3,"(41.76778737, -87.6654627)"
20-18-406-007-0000,1641 W 59TH ST,3125,15,WEST ENGLEWOOD,RS-3,"(41.78646646, -87.66607875)"
20-20-117-028-0000,6628 S LAFLIN ST,3100,16,WEST ENGLEWOOD,RS-3,"(41.77314673, -87.66195714)"
20-20-408-009-0000,6821 S RACINE AVE,0,16,ENGLEWOOD,RS-3,"(41.76986013, -87.65409664)"
20-18-425-017-0000,6243 S WINCHESTER AVE,0,15,WEST ENGLEWOOD,RS-3,"(41.77986049, -87.67236289)"
20-18-409-012-0000,6029 S WINCHESTER AVE,0,15,WEST ENGLEWOOD,RS-3,"(41.78394007, -87.6726672)"
20-17-305-018-0000,5935 S ADA ST,0,16,WEST ENGLEWOOD,RS-3,"(41.78577834, -87.65795578)"
20-18-211-020-0000,5659 S HONORE ST,3596,15,WEST ENGLEWOOD,RS-3,"(41.79045036, -87.67021788)"
20-17-128-015-0000,1342 W 59TH ST,0,16,WEST ENGLEWOOD,M1-1,"(41.78710307, -87.65883982)"
20-18-426-036-0000,1852 W 63RD ST,0,15,WEST ENGLEWOOD,RS-3,"(41.77963477, -87.67118226)"
20-18-427-024-0000,6214 S WOOD ST,0,15,WEST ENGLEWOOD,RS-3,"(41.78070573, -87.66944708)"
20-20-329-015-0000,7039 S ADA ST,0,6,WEST ENGLEWOOD,RS-3,"(41.76562108, -87.6574222)"
20-17-116-013-0000,5731 S ASHLAND AVE,0,16,WEST ENGLEWOOD,PD 1142,"(41.78924358, -87.66407428)"
20-20-323-040-0000,6908 S RACINE AVE,13787,6,WEST ENGLEWOOD,B1-1,"(41.76826565, -87.65455391)"
20-19-229-002-0000,6603 S HERMITAGE AVE,0,15,WEST ENGLEWOOD,RS-3,"(41.77375459, -87.66739083)"
20-19-412-043-0000,1740 W 69TH ST,0,17,WEST ENGLEWOOD,RS-3,"(41.76876247, -87.66813096)"
20-17-114-022-0000,5653 S THROOP ST,0,16,WEST ENGLEWOOD,RS-3,"(41.79075666, -87.65687126)"
20-17-320-018-0000,6131 S LOOMIS BLVD,2906,16,WEST ENGLEWOOD,RS-3,"(41.78220682, -87.65909742)"
20-20-307-004-0000,6737 S ELIZABETH ST,0,17,WEST ENGLEWOOD,RS-3,"(41.77124148, -87.65514868)"
20-20-116-001-0000,6601 S ASHLAND AVE,0,16,WEST ENGLEWOOD,B3-2,"(41.77381736, -87.66367914)"
20-20-306-038-0000,6748 S ELIZABETH ST,4659,17,WEST ENGLEWOOD,RS-3,"(41.77090575, -87.65583651)"
20-19-202-001-0000,1857 W 63RD ST,0,15,WEST ENGLEWOOD,RS-3,"(41.7790541, -87.67133112)"
20-18-212-015-0000,5639 S WOOD ST,0,15,WEST ENGLEWOOD,RS-3,"(41.79100302, -87.66902399)"
20-18-219-007-0000,5719 S HONORE ST,0,15,WEST ENGLEWOOD,RS-3,"(41.78969817, -87.67019824)"
20-20-330-026-0000,7006 S ELIZABETH ST,0,6,WEST ENGLEWOOD,RS-3,"(41.76658948, -87.65572021)"
20-19-200-004-0000,1947 W 63RD ST,0,15,WEST ENGLEWOOD,RS-3,"(41.77902453, -87.67339017)"
20-19-406-025-0000,6757 S PAULINA ST,0,16,WEST ENGLEWOOD,RS-3,"(41.77054046, -87.66605187)"
20-18-215-015-0000,5637 S MARSHFIELD AVE,0,16,WEST ENGLEWOOD,RS-3,"(41.79104881, -87.66539137)"
20-20-111-011-0000,6425 S BISHOP ST,0,16,WEST ENGLEWOOD,RS-3,"(41.77690453, -87.66015449)"
20-17-330-004-0000,6209 S ADA ST,0,16,WEST ENGLEWOOD,RT-4,"(41.78096941, -87.65790411)"
20-17-116-003-0000,5711 S ASHLAND AVE,0,16,WEST ENGLEWOOD,PD 1142,"(41.78996378, -87.66409205)"
20-19-129-025-0000,6608 S DAMEN AVE,0,16,WEST ENGLEWOOD,RS-3,"(41.77355739, -87.67410607)"
20-19-420-007-0000,1741 W 69TH ST,0,17,WEST ENGLEWOOD,RS-3,"(41.7682404, -87.66793369)"
20-17-302-001-0000,5901 S LAFLIN ST,0,16,WEST ENGLEWOOD,C1-1,"(41.78652887, -87.66163866)"
20-17-327-029-0000,6234 S BISHOP ST,3163,16,WEST ENGLEWOOD,RS-3,"(41.78025363, -87.6609422)"
20-19-418-007-0000,1843 W 69TH ST,0,17,WEST ENGLEWOOD,RS-3,"(41.76821284, -87.6705056)"
20-17-332-029-0000,1222 W 63RD ST,0,16,WEST ENGLEWOOD,C1-2,"(41.77985504, -87.65551949)"
20-18-124-001-0000,5820 S SEELEY AVE,0,15,WEST ENGLEWOOD,M2-2,"(41.7880313, -87.675965)"
20-18-226-027-0000,5836 S HONORE ST,0,15,WEST ENGLEWOOD,C2-1,"(41.78738421, -87.67083507)"
20-18-410-033-0000,6022 S HONORE ST,0,15,WEST ENGLEWOOD,RS-3,"(41.78411057, -87.6707486)"
20-17-320-008-0000,1339 W 61ST ST,0,16,WEST ENGLEWOOD,RS-3,"(41.78293613, -87.6586414)"
20-17-122-018-0000,5741 S THROOP ST,0,16,WEST ENGLEWOOD,RS-3,"(41.78927975, -87.65683226)"
20-17-305-004-0000,1317 W 59TH ST,0,16,WEST ENGLEWOOD,C1-1,"(41.78658153, -87.65785564)"
20-19-411-043-0000,1806 W 69TH ST,0,17,WEST ENGLEWOOD,RS-3,"(41.76875127, -87.66917989)"
20-19-220-033-0000,6540 S HERMITAGE AVE,0,15,WEST ENGLEWOOD,RS-3,"(41.77453756, -87.66810615)"
20-17-126-033-0000,1436 W 59TH ST,0,16,WEST ENGLEWOOD,M1-1,"(41.7870468, -87.66101225)"
20-19-422-006-0000,1645 W 69TH ST,0,17,WEST ENGLEWOOD,RS-3,"(41.76826456, -87.66568721)"
20-18-229-003-0000,5809 S HERMITAGE AVE,0,15,WEST ENGLEWOOD,RS-3,"(41.78820121, -87.66773405)"
20-18-210-001-0000,5601 S WOLCOTT AVE,0,15,WEST ENGLEWOOD,RS-3,"(41.79199532, -87.67147471)"
20-18-228-010-0000,5804 S HERMITAGE AVE,0,15,WEST ENGLEWOOD,RS-3,"(41.78832912, -87.66843602)"
20-17-327-033-0000,1458 W 63RD ST,0,16,WEST ENGLEWOOD,PD 911,"(41.779769, -87.66163515)"
20-20-103-002-0000,1421 W 63RD ST,0,16,WEST ENGLEWOOD,PD 911,"(41.77926773, -87.66028656)"
20-20-301-024-0000,6747 S JUSTINE ST,0,16,WEST ENGLEWOOD,RS-3,"(41.7708121, -87.66242124)"
20-20-325-027-0000,7024 S LAFLIN ST,4687,17,WEST ENGLEWOOD,RS-3,"(41.76598102, -87.66176878)"
20-20-310-010-0000,6825 S LAFLIN ST,3126,17,WEST ENGLEWOOD,RS-3,"(41.76964699, -87.66117461)"
20-19-410-040-0000,1848 W 69TH ST,0,17,WEST ENGLEWOOD,RS-3,"(41.76873483, -87.67071425)"
20-20-224-034-0000,1151 W MARQUETTE RD,0,16,ENGLEWOOD,B3-1,"(41.77259852, -87.6539633)"
20-20-110-012-0000,6431 S LAFLIN ST,3100,16,WEST ENGLEWOOD,RS-3,"(41.77675031, -87.66136243)"
20-17-102-026-0000,5524 S BISHOP ST,0,16,WEST ENGLEWOOD,RS-3,"(41.79292812, -87.6612706)"
20-17-120-019-0000,5747 S LOOMIS BLVD,3125,16,WEST ENGLEWOOD,RS-3,"(41.7891079, -87.65925805)"
20-19-426-026-0000,7002 S HONORE ST,0,17,WEST ENGLEWOOD,RS-3,"(41.76646515, -87.67028663)"
20-20-311-023-0000,6812 S LOOMIS BLVD,0,17,WEST ENGLEWOOD,RS-3,"(41.76987942, -87.65945084)"
20-17-102-036-0000,1457 W GARFIELD BLVD,0,16,WEST ENGLEWOOD,RT-4,"(41.79343251, -87.66188348)"
20-19-203-006-0000,1809 W 63RD ST,0,15,WEST ENGLEWOOD,RS-3,"(41.77907945, -87.66955206)"
20-17-126-023-0000,5842 S BISHOP ST,0,16,WEST ENGLEWOOD,M1-1,"(41.78734391, -87.66113864)"
20-18-110-019-0000,5606 S HOYNE AVE,0,15,WEST ENGLEWOOD,RS-3,"(41.79180334, -87.67682204)"
20-29-109-029-0000,1278 W 72ND ST,0,6,WEST ENGLEWOOD,RS-2,"(41.76345239, -87.65705642)"
20-18-401-038-0000,5936 S WOLCOTT AVE,2976,15,WEST ENGLEWOOD,RS-3,"(41.78554867, -87.67199904)"
20-17-111-037-0000,5636 S LOOMIS BLVD,0,16,WEST ENGLEWOOD,RS-3,"(41.79118861, -87.66001063)"
20-19-206-038-0000,6344 S MARSHFIELD AVE,0,15,WEST ENGLEWOOD,RS-3,"(41.77811176, -87.6658005)"
20-18-429-005-0000,6211 S HERMITAGE AVE,0,15,WEST ENGLEWOOD,RS-3,"(41.78076672, -87.66754147)"
20-19-204-028-0000,6326 S HERMITAGE AVE,0,15,WEST ENGLEWOOD,RS-3,"(41.77856072, -87.66822021)"
20-17-103-011-0000,5523 S BISHOP ST,0,16,WEST ENGLEWOOD,RS-3,"(41.79293587, -87.66057274)"
20-18-430-019-0000,6218 S MARSHFIELD AVE,0,15,WEST ENGLEWOOD,RS-3,"(41.78065206, -87.6658109)"
20-20-316-002-0000,1553 W 69TH ST,3125,16,WEST ENGLEWOOD,B3-3,"(41.76829517, -87.66353694)"
20-30-214-024-0000,7200 S MARSHFIELD AVE,0,17,WEST ENGLEWOOD,RS-2,"(41.76295, -87.66533359)"
20-19-424-041-0000,7040 S WINCHESTER AVE,0,17,WEST ENGLEWOOD,RS-3,"(41.76541585, -87.67268914)"
20-20-400-012-0000,6727 S RACINE AVE,0,16,ENGLEWOOD,RS-3,"(41.77149102, -87.65394435)"
20-18-215-040-0000,5650 S ASHLAND AVE,0,16,WEST ENGLEWOOD,B3-2,"(41.79071196, -87.66489812)"
20-19-207-034-0000,1619 W 63RD ST,0,16,WEST ENGLEWOOD,C1-2,"(41.7790734, -87.66518291)"
20-29-119-006-0000,1267 W 72ND PL,0,6,WEST ENGLEWOOD,RS-2,"(41.76202567, -87.6566073)"
20-20-301-012-0000,6719 S JUSTINE ST,0,16,WEST ENGLEWOOD,RS-3,"(41.77163554, -87.6624445)"
20-17-326-039-0000,1500 W 63RD ST,0,16,WEST ENGLEWOOD,B3-2,"(41.77976461, -87.66200547)"
20-19-326-004-0000,2116 W 69TH PL,0,17,WEST ENGLEWOOD,RS-2,"(41.76776055, -87.67685605)"
20-17-110-021-0000,1458 W 57TH ST,0,16,WEST ENGLEWOOD,RS-3,"(41.79065006, -87.66190121)"
20-18-227-002-0000,1823 W 58TH ST,0,15,WEST ENGLEWOOD,RS-3,"(41.78825548, -87.67023214)"
20-18-215-042-0000,5656 S ASHLAND AVE,0,16,WEST ENGLEWOOD,B3-2,"(41.79054455, -87.66489391)"
20-17-122-019-0000,5749 S THROOP ST,0,16,WEST ENGLEWOOD,RS-3,"(41.7890739, -87.65682684)"
20-17-102-009-0000,1435 W GARFIELD BLVD,0,16,WEST ENGLEWOOD,RT-4,"(41.79344506, -87.66110109)"
20-19-212-013-0000,6439 S WOOD ST,0,15,WEST ENGLEWOOD,RS-3,"(41.77643286, -87.66867232)"
20-20-300-044-0000,6758 S JUSTINE ST,0,16,WEST ENGLEWOOD,RS-3,"(41.77052178, -87.66310413)"
20-20-322-005-0000,6921 S THROOP ST,3125,6,WEST ENGLEWOOD,RS-3,"(41.76798535, -87.65627372)"
20-19-112-015-0000,6441 S HAMILTON AVE,0,16,WEST ENGLEWOOD,RS-3,"(41.7762734, -87.67713848)"
20-18-215-034-0000,5632 S ASHLAND AVE,0,16,WEST ENGLEWOOD,B3-2,"(41.79119214, -87.66491002)"
20-20-117-002-0000,6603 S JUSTINE ST,0,16,WEST ENGLEWOOD,RS-3,"(41.77382643, -87.66248959)"
20-19-206-033-0000,6330 S MARSHFIELD AVE,0,15,WEST ENGLEWOOD,RS-3,"(41.77845478, -87.66580988)"
20-17-304-023-0000,5947 S LOOMIS BLVD,0,16,WEST ENGLEWOOD,RS-3,"(41.78541756, -87.6591635)"
20-18-207-024-0000,5532 S ASHLAND AVE,0,16,WEST ENGLEWOOD,B3-2,"(41.79264221, -87.66494602)"
20-18-111-012-0000,5635 S HOYNE AVE,0,15,WEST ENGLEWOOD,RS-3,"(41.79103274, -87.67630905)"
20-18-225-035-0000,1902 W 59TH ST,0,15,WEST ENGLEWOOD,M1-1,"(41.78691462, -87.67197121)"
20-17-332-028-0000,1226 W 63RD ST,0,16,WEST ENGLEWOOD,C1-2,"(41.77985371, -87.65561061)"
20-18-402-040-0000,5942 S HONORE ST,0,15,WEST ENGLEWOOD,RS-3,"(41.78536595, -87.6707818)"
20-18-222-028-0000,5712 S MARSHFIELD AVE,0,16,WEST ENGLEWOOD,RS-3,"(41.7899047, -87.66604595)"
20-18-431-003-0000,6207 S MARSHFIELD AVE,0,16,WEST ENGLEWOOD,RS-3,"(41.7809356, -87.66512615)"
20-17-126-006-0000,5813 S LAFLIN ST,0,16,WEST ENGLEWOOD,RS-3,"(41.78813927, -87.66165694)"
20-18-406-018-0000,5933 S PAULINA ST,0,15,WEST ENGLEWOOD,RS-3,"(41.78571809, -87.66645539)"
20-18-429-032-0000,6236 S PAULINA ST,0,15,WEST ENGLEWOOD,RS-3,"(41.7801365, -87.666806)"
20-19-401-018-0000,6735 S WINCHESTER AVE,0,16,WEST ENGLEWOOD,RS-3,"(41.77103319, -87.67213617)"
20-18-403-040-0000,5946 S WOOD ST,2983,15,WEST ENGLEWOOD,RS-3,"(41.78531555, -87.66956805)"
20-17-302-002-0000,1445 W 59TH ST,0,16,WEST ENGLEWOOD,C1-1,"(41.7865328, -87.66135822)"
20-18-420-048-0000,6156 S HERMITAGE AVE,0,15,WEST ENGLEWOOD,RS-3,"(41.78142569, -87.66825542)"
20-30-205-047-0000,7114 S PAULINA ST,0,17,WEST ENGLEWOOD,RS-2,"(41.76436651, -87.66658513)"
20-18-403-033-0000,5930 S WOOD ST,0,15,WEST ENGLEWOOD,RS-3,"(41.78577666, -87.66958014)"
20-18-407-016-0000,5942 S MARSHFIELD AVE,0,15,WEST ENGLEWOOD,RS-3,"(41.78551895, -87.66593409)"
20-18-112-018-0000,5602 S DAMEN AVE,0,15,WEST ENGLEWOOD,RS-3,"(41.79189908, -87.67459863)"
20-19-204-004-0000,1751 W 63RD ST,0,15,WEST ENGLEWOOD,B1-1,"(41.77909292, -87.66866777)"
20-17-316-028-0000,6128 S JUSTINE ST,0,16,WEST ENGLEWOOD,RS-3,"(41.78221996, -87.6634221)"
20-19-410-008-0000,6819 S WOLCOTT AVE,0,17,WEST ENGLEWOOD,RS-3,"(41.76966878, -87.67088787)"
20-17-118-028-0000,5545 S BISHOP ST,0,16,WEST ENGLEWOOD,RS-3,"(41.79238782, -87.66055807)"
20-17-312-026-0000,6018 S ADA ST,0,16,WEST ENGLEWOOD,RS-3,"(41.78441222, -87.65862061)"
20-18-427-007-0000,6219 S HONORE ST,0,15,WEST ENGLEWOOD,RS-3,"(41.78063243, -87.66995923)"
20-18-106-037-0000,2013 W GARFIELD BLVD,0,15,WEST ENGLEWOOD,B3-2,"(41.79328126, -87.67490856)"
20-29-109-003-0000,1275 W 71ST PL,0,6,WEST ENGLEWOOD,RS-2,"(41.76384203, -87.6569747)"
20-19-202-035-0000,6346 S HONORE ST,0,15,WEST ENGLEWOOD,RS-3,"(41.77794288, -87.67061088)"
20-17-305-001-0000,1325 W 59TH ST,0,16,WEST ENGLEWOOD,C1-1,"(41.78657752, -87.65814488)"
20-17-109-043-0000,5654 S LAFLIN ST,0,16,WEST ENGLEWOOD,RS-3,"(41.79057474, -87.6624134)"
20-17-424-033-0000,1152 W 63RD ST,0,16,ENGLEWOOD,C1-2,"(41.7797219, -87.65419218)"
20-19-416-014-0000,6957 S DAMEN AVE,0,17,WEST ENGLEWOOD,RS-3,"(41.766782, -87.67323715)"
20-29-129-030-0000,1274 W 74TH ST,0,17,WEST ENGLEWOOD,RS-2,"(41.75981676, -87.65687164)"
20-19-206-006-0000,1645 W 63RD ST,0,15,WEST ENGLEWOOD,RS-3,"(41.77912653, -87.66608327)"
20-19-211-023-0000,6402 S WOOD ST,0,15,WEST ENGLEWOOD,RS-3,"(41.77739084, -87.66939364)"
20-18-431-012-0000,6231 S MARSHFIELD AVE,0,16,WEST ENGLEWOOD,RS-3,"(41.78031804, -87.66511055)"
20-20-101-014-0000,6329 S JUSTINE ST,0,16,WEST ENGLEWOOD,RS-3,"(41.77864151, -87.66262541)"
20-29-132-060-0000,7420 S RACINE AVE,0,17,WEST ENGLEWOOD,B1-1,"(41.75889713, -87.65430897)"
20-17-320-031-0000,6116 S ADA ST,0,16,WEST ENGLEWOOD,RT-4,"(41.78262523, -87.65862325)"
20-19-207-004-0000,6321 S MARSHFIELD AVE,0,16,WEST ENGLEWOOD,RS-3,"(41.77873797, -87.66512373)"
20-19-204-027-0000,6324 S HERMITAGE AVE,0,15,WEST ENGLEWOOD,RS-3,"(41.77862931, -87.66822214)"
20-17-314-030-0000,6026 S ELIZABETH ST,0,16,WEST ENGLEWOOD,RS-3,"(41.78423253, -87.65618718)"
20-17-307-035-0000,5938 S RACINE AVE,0,16,WEST ENGLEWOOD,C1-1,"(41.78575024, -87.65501127)"
20-17-305-002-0000,1321 W 59TH ST,0,16,WEST ENGLEWOOD,C1-1,"(41.78657901, -87.65803924)"
20-18-207-029-0000,5545 S MARSHFIELD AVE,0,16,WEST ENGLEWOOD,RS-3,"(41.79236086, -87.66548687)"
20-19-204-002-0000,1755 W 63RD ST,0,15,WEST ENGLEWOOD,B1-1,"(41.7790905, -87.66884369)"
20-17-328-040-0000,1412 W 63RD ST,0,16,WEST ENGLEWOOD,PD 911,"(41.77979225, -87.65997445)"
20-18-214-017-0000,5643 S PAULINA ST,0,16,WEST ENGLEWOOD,RS-3,"(41.7908965, -87.66658764)"
20-19-414-034-0000,6844 S MARSHFIELD AVE,0,17,WEST ENGLEWOOD,RS-3,"(41.76904604, -87.66549723)"
20-20-323-001-0000,1223 W 69TH ST,0,6,WEST ENGLEWOOD,RS-3,"(41.76841323, -87.65520906)"
20-20-313-030-0000,6830 S THROOP ST,0,17,WEST ENGLEWOOD,RS-3,"(41.76952399, -87.6570144)"
20-20-316-040-0000,6950 S JUSTINE ST,0,16,WEST ENGLEWOOD,RS-3,"(41.76709422, -87.6630081)"
20-17-330-002-0000,6203 S ADA ST,3043,16,WEST ENGLEWOOD,RT-4,"(41.78110741, -87.65790783)"
20-18-425-031-0000,6234 S WOLCOTT AVE,0,15,WEST ENGLEWOOD,RS-3,"(41.78007377, -87.67185343)"
20-19-413-039-0000,1714 W 69TH ST,0,17,WEST ENGLEWOOD,RS-3,"(41.76877352, -87.66709892)"
20-17-316-021-0000,6139 S ASHLAND AVE,2802,16,WEST ENGLEWOOD,B3-2,"(41.78194008, -87.66389997)"
20-20-109-038-0000,6432 S LAFLIN ST,0,16,WEST ENGLEWOOD,RS-3,"(41.7766723, -87.66205718)"
20-19-409-048-0000,6930 S WOLCOTT AVE,0,17,WEST ENGLEWOOD,RS-3,"(41.76933205, -87.67157747)"
20-19-400-034-0000,6730 S WINCHESTER AVE,0,16,WEST ENGLEWOOD,RS-3,"(41.77116221, -87.67283594)"
20-19-204-006-0000,1745 W 63RD ST,0,15,WEST ENGLEWOOD,B1-1,"(41.77909461, -87.66853579)"
20-18-403-041-0000,5948 S WOOD ST,2984,15,WEST ENGLEWOOD,RS-3,"(41.78524968, -87.66956632)"
20-17-320-043-0000,6146 S ADA ST,2906,16,WEST ENGLEWOOD,RT-4,"(41.78180182, -87.65860229)"
20-20-331-006-0000,7015 S ELIZABETH ST,0,6,WEST ENGLEWOOD,RS-3,"(41.76632556, -87.65501522)"
20-19-430-029-0000,7024 S MARSHFIELD AVE,0,17,WEST ENGLEWOOD,RS-3,"(41.76590059, -87.66541164)"
20-20-314-004-0000,6809 S THROOP ST,3147,17,WEST ENGLEWOOD,RS-3,"(41.77015242, -87.65633272)"
20-18-412-023-0000,6010 S HERMITAGE AVE,0,15,WEST ENGLEWOOD,RS-3,"(41.78448285, -87.66833425)"
20-17-329-026-0000,6220 S ADA ST,0,16,WEST ENGLEWOOD,RT-4,"(41.78061773, -87.65857217)"
20-19-200-011-0000,6327 S DAMEN AVE,0,15,WEST ENGLEWOOD,RS-3,"(41.77846728, -87.67353281)"
20-18-429-014-0000,6237 S HERMITAGE AVE,0,15,WEST ENGLEWOOD,RS-3,"(41.78014916, -87.66752566)"
20-17-102-035-0000,1459 W GARFIELD BLVD,0,16,WEST ENGLEWOOD,RT-4,"(41.79343184, -87.66196902)"
20-17-129-006-0000,5815 S ADA ST,0,16,WEST ENGLEWOOD,RS-3,"(41.78813198, -87.65801677)"
20-17-116-011-0000,5725 S ASHLAND AVE,0,16,WEST ENGLEWOOD,PD 1142,"(41.78938075, -87.66407765)"
20-17-313-011-0000,6059 S ADA ST,0,16,WEST ENGLEWOOD,RS-3,"(41.78332557, -87.65789374)"
20-18-415-011-0000,6035 S MARSHFIELD AVE,0,15,WEST ENGLEWOOD,RS-3,"(41.78386449, -87.66539271)"
20-29-104-018-0000,1237 W 71ST ST,0,6,WEST ENGLEWOOD,RS-3,"(41.76477155, -87.65562332)"
20-20-108-041-0000,6444 S JUSTINE ST,3101,16,WEST ENGLEWOOD,RS-3,"(41.77638158, -87.66325757)"
20-18-401-001-0000,1925 W 59TH ST,0,15,WEST ENGLEWOOD,C1-1,"(41.78638811, -87.67271687)"
20-18-414-028-0000,6030 S MARSHFIELD AVE,0,15,WEST ENGLEWOOD,RS-3,"(41.78396551, -87.6658948)"
20-30-224-007-0000,1625 W 74TH ST,0,17,WEST ENGLEWOOD,M2-2,"(41.75923071, -87.66537987)"
20-18-419-031-0000,6120 S WOOD ST,0,15,WEST ENGLEWOOD,RS-3,"(41.78237432, -87.66949088)"
20-19-421-005-0000,1713 W 69TH ST,0,17,WEST ENGLEWOOD,RS-3,"(41.76825053, -87.66699339)"
20-20-110-044-0000,6452 S BISHOP ST,0,16,WEST ENGLEWOOD,RS-3,"(41.77614, -87.66083143)"
20-20-102-039-0000,6344 S BISHOP ST,0,16,WEST ENGLEWOOD,RS-3,"(41.77818576, -87.66088751)"
20-19-421-040-0000,6944 S PAULINA ST,0,17,WEST ENGLEWOOD,RS-3,"(41.76716318, -87.66666057)"
20-17-129-013-0000,5842 S THROOP ST,0,16,WEST ENGLEWOOD,M1-1,"(41.78752987, -87.65749997)"
20-18-226-034-0000,1844 W 59TH ST,0,15,WEST ENGLEWOOD,C2-1,"(41.78692856, -87.67083772)"
20-19-220-008-0000,6525 S WOOD ST,0,15,WEST ENGLEWOOD,RS-3,"(41.77502481, -87.6686326)"
20-19-211-036-0000,6434 S WOOD ST,0,15,WEST ENGLEWOOD,RS-3,"(41.77651423, -87.66936875)"
20-18-403-036-0000,5936 S WOOD ST,0,15,WEST ENGLEWOOD,RS-3,"(41.78557904, -87.66957497)"
20-17-120-036-0000,5728 S ADA ST,0,16,WEST ENGLEWOOD,RS-3,"(41.78959551, -87.65875453)"
20-19-412-044-0000,1734 W 69TH ST,0,17,WEST ENGLEWOOD,RS-3,"(41.76875953, -87.66840588)"
20-19-421-039-0000,6942 S PAULINA ST,0,17,WEST ENGLEWOOD,RS-3,"(41.76723176, -87.66666232)"
20-19-203-003-0000,1817 W 63RD ST,0,15,WEST ENGLEWOOD,RS-3,"(41.7790754, -87.6698392)"
20-19-204-005-0000,1745 W 63RD ST,0,15,WEST ENGLEWOOD,B1-1,"(41.77909461, -87.66853579)"
20-18-426-019-0000,6206 S HONORE ST,0,15,WEST ENGLEWOOD,RS-3,"(41.78095152, -87.67066504)"
20-20-303-023-0000,6747 S BISHOP ST,0,16,WEST ENGLEWOOD,RS-3,"(41.77084666, -87.65999338)"
20-20-111-026-0000,6406 S LOOMIS BLVD,0,16,WEST ENGLEWOOD,RT-4,"(41.77746621, -87.65965663)"
20-19-204-003-0000,1753 W 63RD ST,0,15,WEST ENGLEWOOD,B1-1,"(41.77909177, -87.66875574)"
20-17-310-002-0000,6003 S LAFLIN ST,0,16,WEST ENGLEWOOD,RS-3,"(41.78477259, -87.66157466)"
20-19-417-008-0000,6923 S WINCHESTER AVE,0,17,WEST ENGLEWOOD,RS-3,"(41.76771603, -87.67205032)"
20-19-421-010-0000,1701 W 69TH ST,0,17,WEST ENGLEWOOD,RS-3,"(41.76825566, -87.66652077)"
20-17-315-018-0000,6043 S ELIZABETH ST,0,16,WEST ENGLEWOOD,RS-3,"(41.7837544, -87.65547659)"
20-19-411-003-0000,6807 S HONORE ST,3108,17,WEST ENGLEWOOD,RS-3,"(41.7700248, -87.66968225)"
20-20-102-040-0000,6348 S BISHOP ST,0,16,WEST ENGLEWOOD,RS-3,"(41.77811716, -87.66088546)"
20-18-400-028-0000,5916 S WINCHESTER AVE,0,16,WEST ENGLEWOOD,RS-3,"(41.78607033, -87.67322449)"
20-17-327-035-0000,1454 W 63RD ST,0,16,WEST ENGLEWOOD,PD 911,"(41.77977128, -87.66145181)"
20-19-400-032-0000,6724 S WINCHESTER AVE,0,16,WEST ENGLEWOOD,RS-3,"(41.77129935, -87.67283933)"
20-17-122-003-0000,5709 S THROOP ST,0,16,WEST ENGLEWOOD,RS-3,"(41.79017179, -87.65685581)"
20-19-316-015-0000,2021 W 68TH ST,0,16,WEST ENGLEWOOD,RS-2,"(41.76998634, -87.67456463)"
20-19-202-019-0000,6339 S WOLCOTT AVE,0,15,WEST ENGLEWOOD,RS-3,"(41.77813129, -87.67112684)"
20-20-306-037-0000,6744 S ELIZABETH ST,0,17,WEST ENGLEWOOD,RS-3,"(41.77100868, -87.65583934)"
20-29-126-023-0000,1452 W 74TH ST,0,17,WEST ENGLEWOOD,RS-2,"(41.75960049, -87.66089058)"
20-19-221-013-0000,6539 S HERMITAGE AVE,0,15,WEST ENGLEWOOD,RS-3,"(41.7746287, -87.66741493)"
20-17-331-028-0000,6236 S ELIZABETH ST,0,16,WEST ENGLEWOOD,RS-3,"(41.78030008, -87.65615186)"
20-17-329-018-0000,6202 S ADA ST,2913,16,WEST ENGLEWOOD,RT-4,"(41.78109921, -87.65858441)"
20-17-329-034-0000,1348 W 63RD ST,0,16,WEST ENGLEWOOD,PD 911,"(41.77979696, -87.65906679)"
20-29-130-003-0000,7449 S ASHLAND AVE,0,17,WEST ENGLEWOOD,M2-2,"(41.75812096, -87.6627499)"
20-20-323-025-0000,6930 S RACINE AVE,0,6,WEST ENGLEWOOD,B1-1,"(41.76773756, -87.65453961)"
20-19-204-012-0000,6331 S WOOD ST,0,15,WEST ENGLEWOOD,RS-3,"(41.77848546, -87.66873084)"
20-19-419-001-0000,1825 W 69TH ST,0,17,WEST ENGLEWOOD,RS-3,"(41.7682203, -87.66981862)"
20-17-424-034-0000,1150 W 63RD ST,0,16,ENGLEWOOD,C1-2,"(41.77972325, -87.65410811)"
20-17-116-010-0000,5733 S ASHLAND AVE,0,16,WEST ENGLEWOOD,PD 1142,"(41.78944935, -87.66407934)"
20-18-222-026-0000,5708 S MARSHFIELD AVE,0,16,WEST ENGLEWOOD,RS-3,"(41.79004191, -87.66604946)"
20-19-416-005-0000,6921 S DAMEN AVE,0,17,WEST ENGLEWOOD,RS-3,"(41.76780603, -87.6732634)"
20-19-408-041-0000,1936 W 69TH ST,0,17,WEST ENGLEWOOD,RS-3,"(41.7687136, -87.67268377)"
20-20-400-019-0000,6745 S RACINE AVE,3000,16,ENGLEWOOD,RS-3,"(41.77102572, -87.65393207)"
20-17-109-015-0000,5639 S JUSTINE ST,0,16,WEST ENGLEWOOD,RS-3,"(41.79107947, -87.66293478)"
20-19-422-012-0000,6921 S PAULINA ST,0,17,WEST ENGLEWOOD,RS-3,"(41.76784979, -87.66597962)"
20-19-206-013-0000,6325 S PAULINA ST,0,15,WEST ENGLEWOOD,RS-3,"(41.7786539, -87.66632541)"
20-17-324-007-0000,6153 S ELIZABETH ST,0,16,WEST ENGLEWOOD,RS-3,"(41.78159509, -87.65567067)"
20-20-308-016-0000,6802 S JUSTINE ST,0,16,WEST ENGLEWOOD,RS-3,"(41.77017695, -87.66309498)"
20-29-121-016-0000,1470 W 73RD PL,3625,17,WEST ENGLEWOOD,RS-2,"(41.76065469, -87.66160061)"
20-29-114-048-0000,7200 S RACINE AVE,0,6,WEST ENGLEWOOD,B1-1,"(41.76310383, -87.65441839)"
20-18-409-027-0000,6004 S WOLCOTT AVE,0,15,WEST ENGLEWOOD,RS-3,"(41.7845748, -87.67197315)"
20-17-313-010-0000,6057 S ADA ST,0,16,WEST ENGLEWOOD,RS-3,"(41.78339419, -87.65789547)"
20-20-110-027-0000,6410 S BISHOP ST,0,16,WEST ENGLEWOOD,RS-3,"(41.77730604, -87.66086273)"
20-20-105-001-0000,1323 W 63RD ST,0,16,WEST ENGLEWOOD,C1-2,"(41.77930054, -87.65797882)"
20-19-226-031-0000,6640 S HONORE ST,0,15,WEST ENGLEWOOD,RS-3,"(41.77272564, -87.67046496)"
20-17-321-022-0000,6137 S ADA ST,4405,16,WEST ENGLEWOOD,RT-4,"(41.78206845, -87.65793881)"
20-17-320-015-0000,6125 S LOOMIS BLVD,0,16,WEST ENGLEWOOD,RS-3,"(41.78241268, -87.65910269)"
20-17-130-021-0000,5839 S THROOP ST,0,16,WEST ENGLEWOOD,M1-1,"(41.78750479, -87.65677067)"
20-20-322-027-0000,6922 S ELIZABETH ST,0,6,WEST ENGLEWOOD,RS-3,"(41.76800465, -87.65575781)"
20-18-430-017-0000,6212 S MARSHFIELD AVE,0,15,WEST ENGLEWOOD,RS-3,"(41.7807893, -87.66581439)"
20-20-305-030-0000,6726 S THROOP ST,0,17,WEST ENGLEWOOD,RS-3,"(41.77148866, -87.65706696)"
20-20-101-031-0000,6324 S LAFLIN ST,0,16,WEST ENGLEWOOD,RS-3,"(41.77871733, -87.66211448)"
20-18-413-040-0000,1716 W 61ST ST,0,15,WEST ENGLEWOOD,RS-3,"(41.78333344, -87.66748733)"
20-20-302-015-0000,6725 S LAFLIN ST,0,16,WEST ENGLEWOOD,RS-3,"(41.77137838, -87.66122325)"
20-19-336-041-0000,2012 W 70TH PL,0,17,WEST ENGLEWOOD,RS-2,"(41.76597133, -87.67418819)"
20-20-107-002-0000,1223 W 63RD ST,0,16,WEST ENGLEWOOD,C1-2,"(41.7793364, -87.65545332)"
20-17-116-026-0000,5716 S JUSTINE ST,0,16,WEST ENGLEWOOD,RS-3,"(41.78986763, -87.66359906)"
20-19-112-027-0000,6410 S HOYNE AVE,0,16,WEST ENGLEWOOD,RS-3,"(41.77708704, -87.67663938)"
20-19-202-004-0000,1849 W 63RD ST,0,15,WEST ENGLEWOOD,RS-3,"(41.77905828, -87.67104215)"
20-18-215-033-0000,5630 S ASHLAND AVE,0,16,WEST ENGLEWOOD,B3-2,"(41.79126073, -87.66491172)"
20-19-410-042-0000,1842 W 69TH ST,0,17,WEST ENGLEWOOD,RS-3,"(41.76873679, -87.67053096)"
20-18-204-025-0000,5530 S HERMITAGE AVE,3127,15,WEST ENGLEWOOD,RS-3,"(41.79269966, -87.66855723)"
20-18-112-021-0000,5610 S DAMEN AVE,0,15,WEST ENGLEWOOD,RS-3,"(41.79170145, -87.67459283)"
20-18-419-004-0000,6109 S HONORE ST,3100,15,WEST ENGLEWOOD,RS-3,"(41.78271039, -87.67001396)"
20-17-112-030-0000,5614 S ADA ST,0,16,WEST ENGLEWOOD,RS-3,"(41.79175845, -87.65881106)"
20-17-105-024-0000,5524 S THROOP ST,0,16,WEST ENGLEWOOD,RS-3,"(41.79297545, -87.65762899)"
20-17-329-037-0000,1324 W 63RD ST,0,16,WEST ENGLEWOOD,C1-2,"(41.77983625, -87.6573884)"
20-18-416-026-0000,6108 S WINCHESTER AVE,0,16,WEST ENGLEWOOD,RS-3,"(41.78266854, -87.67313457)"
20-18-420-043-0000,6148 S HERMITAGE AVE,0,15,WEST ENGLEWOOD,RS-3,"(41.78170016, -87.66826251)"
20-18-408-047-0000,6058 S WINCHESTER AVE,0,16,WEST ENGLEWOOD,RS-3,"(41.78311952, -87.67314576)"
20-20-306-002-0000,1253 W MARQUETTE RD,0,17,WEST ENGLEWOOD,RS-3,"(41.77204727, -87.6563509)"
20-17-102-034-0000,5544 S BISHOP ST,0,16,WEST ENGLEWOOD,RS-3,"(41.79237919, -87.66125686)"
20-18-411-010-0000,6025 S HONORE ST,0,15,WEST ENGLEWOOD,RS-3,"(41.78405113, -87.67004924)"
20-29-132-054-0000,7404 S RACINE AVE,3123,17,WEST ENGLEWOOD,B1-1,"(41.75930884, -87.65431992)"
20-19-412-019-0000,6800 S HERMITAGE AVE,0,17,WEST ENGLEWOOD,RS-3,"(41.77019942, -87.66795723)"
20-17-101-014-0000,5531 S JUSTINE ST,0,16,WEST ENGLEWOOD,RS-3,"(41.79271428, -87.66317191)"
20-17-126-022-0000,5840 S BISHOP ST,0,16,WEST ENGLEWOOD,M1-1,"(41.78740973, -87.66114039)"
20-18-206-019-0000,5520 S MARSHFIELD AVE,3125,16,WEST ENGLEWOOD,RS-3,"(41.79293627, -87.66612353)"
20-18-427-038-0000,1818 W 63RD ST,0,15,WEST ENGLEWOOD,RS-3,"(41.77965297, -87.66993181)"
20-19-410-041-0000,1846 W 69TH ST,0,17,WEST ENGLEWOOD,RS-3,"(41.76873581, -87.67062257)"
20-18-427-043-0000,1808 W 63RD ST,0,15,WEST ENGLEWOOD,RS-3,"(41.77965962, -87.66947345)"
20-17-304-003-0000,1351 W 59TH ST,3125,16,WEST ENGLEWOOD,C1-1,"(41.78656462, -87.65906962)"
20-18-214-001-0000,5601 S PAULINA ST,0,16,WEST ENGLEWOOD,RS-3,"(41.7920626, -87.66661735)"
20-17-329-001-0000,6201 S LOOMIS BLVD,0,16,WEST ENGLEWOOD,RS-3,"(41.78116169, -87.65907075)"
20-17-330-021-0000,1314 W 63RD ST,0,16,WEST ENGLEWOOD,RS-3,"(41.77981692, -87.65769375)"
20-17-325-032-0000,6240 S JUSTINE ST,0,16,WEST ENGLEWOOD,RS-3,"(41.78008376, -87.66335757)"
20-19-422-029-0000,6918 S MARSHFIELD AVE,0,17,WEST ENGLEWOOD,RS-3,"(41.76785526, -87.66546449)"
20-19-208-048-0000,1949 W 64TH ST,0,15,WEST ENGLEWOOD,RS-3,"(41.77741958, -87.67337814)"
20-19-420-005-0000,1745 W 69TH ST,0,17,WEST ENGLEWOOD,RS-3,"(41.76823803, -87.66816277)"
20-19-406-027-0000,6710 S MARSHFIELD AVE,0,16,WEST ENGLEWOOD,RS-3,"(41.77164668, -87.66557141)"
20-19-113-006-0000,6417 S HOYNE AVE,0,16,WEST ENGLEWOOD,RS-3,"(41.77695933, -87.67593394)"
20-20-113-017-0000,6543 S JUSTINE ST,0,16,WEST ENGLEWOOD,RS-3,"(41.77456998, -87.66251056)"
20-18-200-015-0000,5539 S DAMEN AVE,0,15,WEST ENGLEWOOD,B1-1,"(41.79238717, -87.67391365)"
20-19-229-032-0000,6634 S PAULINA ST,3690,15,WEST ENGLEWOOD,RS-3,"(41.77293763, -87.66686045)"
20-29-108-011-0000,1307 W 71ST PL,0,6,WEST ENGLEWOOD,RS-2,"(41.76383148, -87.65767209)"
20-18-430-007-0000,6231 S PAULINA ST,0,15,WEST ENGLEWOOD,RS-3,"(41.78030225, -87.66631754)"
20-18-427-039-0000,1816 W 63RD ST,0,15,WEST ENGLEWOOD,RS-3,"(41.77965429, -87.66984014)"
20-20-111-009-0000,6421 S BISHOP ST,0,16,WEST ENGLEWOOD,RS-3,"(41.77704177, -87.66015813)"
20-19-205-006-0000,1707 W 63RD ST,0,15,WEST ENGLEWOOD,B1-1,"(41.77910756, -87.66755022)"
20-17-110-017-0000,5641 S LAFLIN ST,0,16,WEST ENGLEWOOD,RS-3,"(41.79102528, -87.66173198)"
20-19-203-031-0000,6334 S WOOD ST,0,15,WEST ENGLEWOOD,RS-3,"(41.77827061, -87.66941863)"
20-20-115-003-0000,1415 W 65TH ST,1666,16,WEST ENGLEWOOD,RS-3,"(41.77573395, -87.6599584)"
20-18-214-040-0000,5642 S MARSHFIELD AVE,0,16,WEST ENGLEWOOD,RS-3,"(41.790903, -87.66607155)"
20-19-424-036-0000,7026 S WINCHESTER AVE,0,17,WEST ENGLEWOOD,RS-3,"(41.76581132, -87.67249223)"
20-30-207-008-0000,7123 S MARSHFIELD AVE,0,17,WEST ENGLEWOOD,RS-2,"(41.76424812, -87.66466851)"
20-17-408-040-0000,1152 W 61ST ST,0,16,ENGLEWOOD,RS-3,"(41.78351324, -87.6542608)"
20-17-122-004-0000,5711 S THROOP ST,0,16,WEST ENGLEWOOD,RS-3,"(41.79010317, -87.65685401)"
20-20-303-003-0000,1419 W MARQUETTE RD,0,16,WEST ENGLEWOOD,RS-3,"(41.77214102, -87.65997795)"
20-20-330-035-0000,7030 S ELIZABETH ST,0,6,WEST ENGLEWOOD,RS-3,"(41.76590328, -87.655702)"
20-20-116-002-0000,6609 S ASHLAND AVE,0,16,WEST ENGLEWOOD,B3-2,"(41.773674, -87.66367534)"
20-18-420-004-0000,6109 S WOOD ST,0,15,WEST ENGLEWOOD,RS-3,"(41.78272235, -87.66880266)"
20-18-427-025-0000,6216 S WOOD ST,0,15,WEST ENGLEWOOD,RS-3,"(41.78063989, -87.66944538)"
20-19-218-039-0000,6556 S HONORE ST,5249,15,WEST ENGLEWOOD,RS-3,"(41.77408052, -87.67050273)"
20-20-113-016-0000,6539 S JUSTINE ST,0,16,WEST ENGLEWOOD,RS-3,"(41.77463832, -87.66251249)"
20-19-425-013-0000,7031 S WINCHESTER AVE,0,17,WEST ENGLEWOOD,RS-3,"(41.76567891, -87.6719975)"
20-20-305-022-0000,6745 S ADA ST,3136,17,WEST ENGLEWOOD,RS-3,"(41.7709324, -87.65756852)"
20-18-230-002-0000,5803 S PAULINA ST,0,16,WEST ENGLEWOOD,RS-3,"(41.7883553, -87.66652269)"
20-19-225-010-0000,6625 S WINCHESTER AVE,0,15,WEST ENGLEWOOD,RS-3,"(41.77310548, -87.67219163)"
20-18-425-014-0000,6237 S WINCHESTER AVE,0,15,WEST ENGLEWOOD,RS-3,"(41.78006628, -87.6723683)"
20-19-406-014-0000,6727 S PAULINA ST,0,16,WEST ENGLEWOOD,RS-3,"(41.77135603, -87.66607396)"
20-17-100-004-0000,5517 S ASHLAND AVE,0,16,WEST ENGLEWOOD,B3-2,"(41.79310145, -87.66417249)"
20-19-430-032-0000,7028 S MARSHFIELD AVE,0,17,WEST ENGLEWOOD,RS-3,"(41.7657662, -87.66540795)"
20-29-109-034-0000,1264 W 72ND ST,0,6,WEST ENGLEWOOD,RS-2,"(41.76345925, -87.65659817)"
20-19-422-011-0000,6911 S PAULINA ST,0,17,WEST ENGLEWOOD,RS-3,"(41.76791837, -87.66598141)"
20-17-130-019-0000,5835 S THROOP ST,0,16,WEST ENGLEWOOD,M1-1,"(41.78767634, -87.6567752)"
20-29-119-052-0000,7236 S RACINE AVE,0,6,WEST ENGLEWOOD,B1-1,"(41.76212762, -87.65439268)"
20-19-420-008-0000,1739 W 69TH ST,0,17,WEST ENGLEWOOD,RS-3,"(41.76824149, -87.66784206)"
20-18-423-008-0000,6121 S MARSHFIELD AVE,3021,15,WEST ENGLEWOOD,RS-3,"(41.78242932, -87.66516383)"
20-20-307-006-0000,6741 S ELIZABETH ST,0,17,WEST ENGLEWOOD,RS-3,"(41.77110425, -87.65514491)"
20-18-422-020-0000,6151 S PAULINA ST,0,15,WEST ENGLEWOOD,RS-3,"(41.78158929, -87.66635027)"
20-17-107-016-0000,5535 S ELIZABETH ST,0,16,WEST ENGLEWOOD,RS-3,"(41.79272865, -87.65570816)"
20-17-303-026-0000,5938 S LOOMIS BLVD,0,16,WEST ENGLEWOOD,RS-3,"(41.78565425, -87.65986897)"
20-30-205-037-0000,7132 S PAULINA ST,0,17,WEST ENGLEWOOD,RS-2,"(41.76388584, -87.66657284)"
20-20-104-001-0000,1357 W 63RD ST,0,16,WEST ENGLEWOOD,PD 911,"(41.77928415, -87.65911748)"
20-18-413-014-0000,6035 S HERMITAGE AVE,0,15,WEST ENGLEWOOD,RS-3,"(41.78383412, -87.667816)"
20-17-310-013-0000,6035 S LAFLIN ST,0,16,WEST ENGLEWOOD,RS-3,"(41.78391899, -87.66155335)"
20-18-404-038-0000,5938 S HERMITAGE AVE,0,15,WEST ENGLEWOOD,RS-3,"(41.78555595, -87.66836196)"
20-20-108-034-0000,6428 S JUSTINE ST,0,16,WEST ENGLEWOOD,RS-3,"(41.77679311, -87.66326915)"
20-17-109-028-0000,5612 S LAFLIN ST,0,16,WEST ENGLEWOOD,RS-3,"(41.791703, -87.66244588)"
20-17-110-018-0000,5643 S LAFLIN ST,0,16,WEST ENGLEWOOD,RS-3,"(41.79095666, -87.66172999)"
20-20-310-030-0000,6830 S BISHOP ST,0,17,WEST ENGLEWOOD,RS-3,"(41.76951702, -87.6606556)"
20-17-321-015-0000,6123 S ADA ST,2931,16,WEST ENGLEWOOD,RT-4,"(41.78249731, -87.65795011)"
20-20-111-046-0000,6456 S LOOMIS BLVD,0,16,WEST ENGLEWOOD,RT-4,"(41.77608834, -87.65961866)"
20-17-314-011-0000,6027 S THROOP ST,0,16,WEST ENGLEWOOD,RS-3,"(41.78422538, -87.6567024)"
20-20-315-029-0000,6822 S RACINE AVE,0,17,WEST ENGLEWOOD,B1-1,"(41.76979927, -87.65438835)"
20-18-411-014-0000,6035 S HONORE ST,0,15,WEST ENGLEWOOD,RS-3,"(41.78377677, -87.670042)"
20-17-315-041-0000,6052 S RACINE AVE,0,16,WEST ENGLEWOOD,B3-1,"(41.78351092, -87.6549558)"
20-18-420-047-0000,6156 S HERMITAGE AVE,0,15,WEST ENGLEWOOD,RS-3,"(41.78142569, -87.66825542)"
20-19-417-007-0000,6921 S WINCHESTER AVE,0,17,WEST ENGLEWOOD,RS-3,"(41.7677846, -87.67205199)"
20-17-315-042-0000,6054 S RACINE AVE,0,16,WEST ENGLEWOOD,B1-1,"(41.78343698, -87.65495396)"
20-20-113-035-0000,6532 S LAFLIN ST,4650,16,WEST ENGLEWOOD,RS-3,"(41.77486787, -87.66200615)"
20-18-427-011-0000,6229 S HONORE ST,0,15,WEST ENGLEWOOD,RS-3,"(41.78036902, -87.66995226)"
20-20-110-024-0000,6402 S BISHOP ST,0,16,WEST ENGLEWOOD,RS-3,"(41.77751181, -87.66086825)"
20-18-426-011-0000,6229 S WOLCOTT AVE,0,15,WEST ENGLEWOOD,RS-3,"(41.78028557, -87.67116131)"
20-20-113-045-0000,6555 S JUSTINE ST,0,16,WEST ENGLEWOOD,RS-3,"(41.77477645, -87.66252225)"
20-17-128-012-0000,1350 W 59TH ST,0,16,WEST ENGLEWOOD,M1-1,"(41.78709862, -87.65916071)"
20-19-203-007-0000,1805 W 63RD ST,0,15,WEST ENGLEWOOD,RS-3,"(41.77908082, -87.66945639)"
20-19-212-011-0000,6431 S WOOD ST,0,15,WEST ENGLEWOOD,RS-3,"(41.77659749, -87.66867694)"
20-18-112-019-0000,5604 S DAMEN AVE,0,15,WEST ENGLEWOOD,RS-3,"(41.7918332, -87.6745967)"
20-19-316-042-0000,2006 W 68TH PL,0,16,WEST ENGLEWOOD,RS-2,"(41.76960448, -87.67400499)"
20-20-103-008-0000,1401 W 63RD ST,0,16,WEST ENGLEWOOD,PD 911,"(41.77927789, -87.65958412)"
20-17-329-004-0000,6209 S LOOMIS BLVD,0,16,WEST ENGLEWOOD,RS-3,"(41.78095452, -87.65906544)"
20-29-119-026-0000,1215 W 72ND PL,0,6,WEST ENGLEWOOD,RS-2,"(41.76205386, -87.65473199)"
20-20-116-035-0000,1538 W MARQUETTE RD,0,16,WEST ENGLEWOOD,RS-3,"(41.77246823, -87.66314655)"
20-19-327-021-0000,2009 W 69TH ST,0,17,WEST ENGLEWOOD,RS-3,"(41.76832598, -87.67404697)"
20-19-212-014-0000,6441 S WOOD ST,0,15,WEST ENGLEWOOD,RS-3,"(41.77635057, -87.6686699)"
20-20-303-021-0000,6743 S BISHOP ST,0,16,WEST ENGLEWOOD,RS-3,"(41.77098389, -87.65999715)"
20-18-403-039-0000,5942 S WOOD ST,0,15,WEST ENGLEWOOD,RS-3,"(41.78538142, -87.66956979)"
20-17-304-008-0000,1339 W 59TH ST,0,16,WEST ENGLEWOOD,RS-3,"(41.78657098, -87.65861121)"
20-20-118-023-0000,6618 S BISHOP ST,0,16,WEST ENGLEWOOD,RS-3,"(41.77343839, -87.6607588)"
20-18-106-018-0000,5537 S SEELEY AVE,3124,15,WEST ENGLEWOOD,RS-3,"(41.79241383, -87.67513088)"
20-20-104-004-0000,1333 W 63RD ST,0,16,WEST ENGLEWOOD,PD 911,"(41.77929576, -87.65831239)"
20-19-107-036-0000,6340 S DAMEN AVE,0,16,WEST ENGLEWOOD,RS-3,"(41.77802857, -87.67421873)"
20-19-222-016-0000,6545 S PAULINA ST,0,15,WEST ENGLEWOOD,RS-3,"(41.77446578, -87.66621015)"
20-17-321-040-0000,6134 S THROOP ST,0,16,WEST ENGLEWOOD,RS-3,"(41.78214382, -87.65745163)"
20-30-215-041-0000,7242 S ASHLAND AVE,0,17,WEST ENGLEWOOD,C2-2,"(41.76179955, -87.66410453)"
20-29-114-038-0000,1240 W 72ND PL,0,6,WEST ENGLEWOOD,RS-2,"(41.76256365, -87.65564311)"
20-18-426-038-0000,1848 W 63RD ST,0,15,WEST ENGLEWOOD,RS-3,"(41.77963744, -87.67099892)"
20-19-231-025-0000,6610 S ASHLAND AVE,0,15,WEST ENGLEWOOD,C1-2,"(41.77333001, -87.6644656)"
20-18-215-032-0000,5628 S ASHLAND AVE,0,16,WEST ENGLEWOOD,B3-2,"(41.79132932, -87.66491341)"
20-19-421-007-0000,1709 W 69TH ST,0,17,WEST ENGLEWOOD,RS-3,"(41.76825255, -87.66681008)"
20-29-128-015-0000,1332 W 74TH ST,3115,17,WEST ENGLEWOOD,C1-1,"(41.7597907, -87.65862378)"
20-20-321-019-0000,6947 S ADA ST,3125,6,WEST ENGLEWOOD,RS-3,"(41.76728385, -87.65746734)"
20-19-222-015-0000,6543 S PAULINA ST,0,15,WEST ENGLEWOOD,RS-3,"(41.77454809, -87.6662123)"
20-18-420-046-0000,6154 S HERMITAGE AVE,0,15,WEST ENGLEWOOD,RS-3,"(41.78149431, -87.66825719)"
20-19-203-030-0000,6332 S WOOD ST,0,15,WEST ENGLEWOOD,RS-3,"(41.77833917, -87.66942058)"
20-17-126-016-0000,5812 S BISHOP ST,3087,16,WEST ENGLEWOOD,RS-3,"(41.78821621, -87.66114733)"
20-29-114-028-0000,1268 W 72ND PL,0,6,WEST ENGLEWOOD,RS-2,"(41.76254826, -87.6566665)"
20-17-102-037-0000,5519 S LAFLIN ST,0,16,WEST ENGLEWOOD,RS-3,"(41.7930235, -87.66178535)"
20-17-123-040-0000,5746 S RACINE AVE,0,16,WEST ENGLEWOOD,B1-1,"(41.78916702, -87.6550994)"
20-17-321-041-0000,6138 S THROOP ST,4403,16,WEST ENGLEWOOD,RS-3,"(41.7820409, -87.65744872)"
20-17-200-023-0000,5520 S MAY ST,0,16,ENGLEWOOD,RS-3,"(41.79310398, -87.65398698)"
20-19-215-029-0000,6422 S ASHLAND AVE,0,15,WEST ENGLEWOOD,C1-2,"(41.77694126, -87.66456411)"
20-20-326-032-0000,7040 S BISHOP ST,0,17,WEST ENGLEWOOD,RS-3,"(41.76553682, -87.6605461)"
20-19-400-028-0000,6714 S WINCHESTER AVE,0,16,WEST ENGLEWOOD,RS-3,"(41.77157395, -87.67284644)"
20-17-313-006-0000,6047 S ADA ST,0,16,WEST ENGLEWOOD,RS-3,"(41.78366866, -87.65790242)"
20-17-130-034-0000,1238 W 59TH ST,0,16,WEST ENGLEWOOD,M1-1,"(41.78712845, -87.65622445)"
20-20-114-028-0000,6510 S BISHOP ST,0,16,WEST ENGLEWOOD,RS-3,"(41.77548415, -87.66081371)"
20-17-208-006-0000,5613 S RACINE AVE,0,16,ENGLEWOOD,B3-2,"(41.79191762, -87.6546706)"
20-17-128-017-0000,1336 W 59TH ST,0,16,WEST ENGLEWOOD,C2-1,"(41.78710562, -87.65865645)"
20-19-336-013-0000,2025 W 70TH ST,0,17,WEST ENGLEWOOD,RS-2,"(41.76635166, -87.67465603)"
20-18-431-015-0000,6239 S MARSHFIELD AVE,0,16,WEST ENGLEWOOD,RS-3,"(41.78011219, -87.66510535)"
20-18-226-025-0000,5830 S HONORE ST,0,15,WEST ENGLEWOOD,C2-1,"(41.78752002, -87.67083862)"
20-18-428-012-0000,6235 S WOOD ST,0,15,WEST ENGLEWOOD,RS-3,"(41.78020195, -87.66873698)"
20-17-408-011-0000,6029 S RACINE AVE,0,16,ENGLEWOOD,B1-1,"(41.78418494, -87.65447219)"
20-18-428-039-0000,1736 W 63RD ST,0,15,WEST ENGLEWOOD,RS-3,"(41.77968611, -87.66808766)"
20-19-422-008-0000,1641 W 69TH ST,0,17,WEST ENGLEWOOD,RS-3,"(41.76826646, -87.66550396)"
20-19-211-026-0000,6408 S WOOD ST,0,15,WEST ENGLEWOOD,RS-3,"(41.77718506, -87.66938787)"
20-17-302-003-0000,5900 S BISHOP ST,0,16,WEST ENGLEWOOD,C1-1,"(41.78653662, -87.66108099)"
20-17-208-029-0000,5610 S MAY ST,0,16,ENGLEWOOD,RS-3,"(41.79196223, -87.65395696)"
20-19-420-006-0000,1743 W 69TH ST,0,17,WEST ENGLEWOOD,RS-3,"(41.76823949, -87.66802532)"
20-17-200-005-0000,1145 W GARFIELD BLVD,0,16,ENGLEWOOD,B3-2,"(41.79351882, -87.65420437)"
20-19-422-032-0000,6924 S MARSHFIELD AVE,0,17,WEST ENGLEWOOD,RS-3,"(41.76765288, -87.66545913)"
20-18-412-040-0000,1750 W 61ST ST,3126,15,WEST ENGLEWOOD,RS-3,"(41.78331674, -87.66869871)"
20-18-418-018-0000,6141 S WOLCOTT AVE,0,15,WEST ENGLEWOOD,RS-3,"(41.78180249, -87.67120163)"
20-17-317-038-0000,1516 W 62ND ST,0,16,WEST ENGLEWOOD,RS-3,"(41.78157637, -87.66258453)"
20-17-108-029-0000,5618 S JUSTINE ST,0,16,WEST ENGLEWOOD,RS-3,"(41.79161956, -87.66364254)"
20-18-431-010-0000,6227 S MARSHFIELD AVE,0,16,WEST ENGLEWOOD,RS-3,"(41.78045528, -87.66511404)"
20-17-400-004-0000,1149 W 59TH ST,0,16,ENGLEWOOD,B3-1,"(41.78663288, -87.65416155)"
20-20-302-033-0000,6726 S BISHOP ST,0,16,WEST ENGLEWOOD,RS-3,"(41.77138574, -87.66070693)"
20-17-119-010-0000,5725 S BISHOP ST,0,16,WEST ENGLEWOOD,RS-3,"(41.78970437, -87.6604889)"
20-18-427-008-0000,6221 S HONORE ST,0,15,WEST ENGLEWOOD,RS-3,"(41.78056658, -87.66995749)"
20-18-422-016-0000,6141 S PAULINA ST,0,15,WEST ENGLEWOOD,RS-3,"(41.78186376, -87.66635727)"
20-18-427-033-0000,6238 S WOOD ST,0,15,WEST ENGLEWOOD,RS-3,"(41.78004041, -87.66942963)"
20-19-430-038-0000,1650 W 71ST ST,0,17,WEST ENGLEWOOD,RS-3,"(41.76514613, -87.66587862)"
20-19-339-025-0000,2054 W 71ST ST,3107,17,WEST ENGLEWOOD,RS-2,"(41.76504644, -87.67572294)"
20-18-200-010-0000,5525 S DAMEN AVE,3720,15,WEST ENGLEWOOD,B1-1,"(41.79279888, -87.67392595)"
20-17-311-006-0000,6002 S BISHOP ST,0,16,WEST ENGLEWOOD,RS-3,"(41.7845085, -87.66035384)"
20-19-401-006-0000,1909 W MARQUETTE RD,0,16,WEST ENGLEWOOD,RS-3,"(41.77183678, -87.67173737)"
20-17-120-048-0000,5758 S ADA ST,2955,16,WEST ENGLEWOOD,RS-3,"(41.78877392, -87.65873314)"
20-19-107-038-0000,6346 S DAMEN AVE,0,16,WEST ENGLEWOOD,RS-3,"(41.77786429, -87.67421462)"
20-19-228-005-0000,6615 S WOOD ST,3690,15,WEST ENGLEWOOD,RS-3,"(41.77347947, -87.66859033)"
20-19-204-030-0000,6330 S HERMITAGE AVE,0,15,WEST ENGLEWOOD,RS-3,"(41.77842351, -87.66821631)"
20-20-323-003-0000,1215 W 69TH ST,0,6,WEST ENGLEWOOD,RS-3,"(41.76841732, -87.65493534)"
20-17-314-045-0000,1238 W 61ST ST,3001,16,WEST ENGLEWOOD,RS-3,"(41.78348682, -87.65616384)"
20-17-110-032-0000,5612 S BISHOP ST,0,16,WEST ENGLEWOOD,RS-3,"(41.7917178, -87.6612392)"
20-17-305-003-0000,1319 W 59TH ST,0,16,WEST ENGLEWOOD,C1-1,"(41.78658025, -87.65794732)"
20-19-205-005-0000,1711 W 63RD ST,0,15,WEST ENGLEWOOD,B1-1,"(41.77910756, -87.66755022)"
20-30-214-044-0000,7252 S MARSHFIELD AVE,0,17,WEST ENGLEWOOD,RS-2,"(41.76158089, -87.66529729)"
20-18-225-025-0000,5840 S WOLCOTT AVE,0,15,WEST ENGLEWOOD,M1-1,"(41.78730071, -87.67204555)"
20-17-111-010-0000,5623 S BISHOP ST,3125,16,WEST ENGLEWOOD,RS-3,"(41.79152059, -87.66053587)"
20-18-431-017-0000,6245 S MARSHFIELD AVE,0,16,WEST ENGLEWOOD,RS-3,"(41.77997495, -87.66510186)"
20-29-132-050-0000,1220 W 74TH PL,0,17,WEST ENGLEWOOD,RS-2,"(41.7589356, -87.65501554)"
20-20-315-002-0000,6807 S ELIZABETH ST,0,17,WEST ENGLEWOOD,RS-3,"(41.77023882, -87.65512164)"
20-20-309-033-0000,6836 S LAFLIN ST,0,16,WEST ENGLEWOOD,RS-3,"(41.76929452, -87.66186321)"
20-18-404-028-0000,5957 S WOOD ST,0,15,WEST ENGLEWOOD,RS-3,"(41.78520615, -87.66886734)"
20-17-303-019-0000,5918 S LOOMIS BLVD,0,16,WEST ENGLEWOOD,RS-3,"(41.78622405, -87.65988372)"
20-19-422-041-0000,6942 S MARSHFIELD AVE,0,17,WEST ENGLEWOOD,RS-3,"(41.76703899, -87.66544245)"
20-17-321-023-0000,6139 S ADA ST,4405,16,WEST ENGLEWOOD,RT-4,"(41.78206845, -87.65793881)"
20-17-128-009-0000,5944 S ADA ST,0,16,WEST ENGLEWOOD,RS-3,"(41.78733135, -87.65871003)"
20-17-110-048-0000,5656 S BISHOP ST,0,16,WEST ENGLEWOOD,RS-3,"(41.79062287, -87.6612095)"
20-17-332-036-0000,1206 W 63RD ST,0,16,WEST ENGLEWOOD,C1-2,"(41.77986439, -87.65488155)"
20-18-111-013-0000,5637 S HOYNE AVE,0,15,WEST ENGLEWOOD,RS-3,"(41.79094494, -87.67630661)"
20-17-330-001-0000,6201 S ADA ST,3041,16,WEST ENGLEWOOD,RT-4,"(41.78117641, -87.65790971)"
20-29-129-025-0000,1221 W 73RD PL,0,17,WEST ENGLEWOOD,RS-2,"(41.76023283, -87.65486531)"
20-19-231-034-0000,6600 S ASHLAND AVE,0,15,WEST ENGLEWOOD,C1-2,"(41.77377585, -87.66447773)"
20-18-412-024-0000,6014 S HERMITAGE AVE,0,15,WEST ENGLEWOOD,RS-3,"(41.78441423, -87.66833249)"
20-17-332-031-0000,1218 W 63RD ST,0,16,WEST ENGLEWOOD,C1-2,"(41.7798577, -87.65533724)"
20-17-224-004-0000,5835 S RACINE AVE,0,16,ENGLEWOOD,M1-1,"(41.78769045, -87.65436152)"
20-17-124-030-0000,1542 W 59TH ST,0,16,WEST ENGLEWOOD,M1-1,"(41.78703772, -87.66371065)"
20-20-103-014-0000,6327 S BISHOP ST,0,16,WEST ENGLEWOOD,RS-3,"(41.77867592, -87.66020394)"
20-20-109-008-0000,6419 S JUSTINE ST,0,16,WEST ENGLEWOOD,RS-3,"(41.77707689, -87.66258122)"
20-20-102-015-0000,6331 S LAFLIN ST,0,16,WEST ENGLEWOOD,RS-3,"(41.77859, -87.66141389)"
20-20-301-026-0000,6753 S JUSTINE ST,0,16,WEST ENGLEWOOD,RS-3,"(41.77067487, -87.66241738)"
20-19-201-010-0000,1901 W 63RD ST,0,15,WEST ENGLEWOOD,RS-3,"(41.77904914, -87.6716692)"
20-19-413-042-0000,1708 W 69TH ST,0,17,WEST ENGLEWOOD,RS-3,"(41.76877654, -87.666824)"
20-19-231-027-0000,6636 S ASHLAND AVE,0,15,WEST ENGLEWOOD,C1-2,"(41.77291849, -87.66445442)"
20-19-205-002-0000,1721 W 63RD ST,0,15,WEST ENGLEWOOD,B1-1,"(41.77910756, -87.66755022)"
20-18-404-001-0000,1757 W 59TH ST,0,15,WEST ENGLEWOOD,RS-3,"(41.78642722, -87.66906789)"
20-19-105-031-0000,6324 S HOYNE AVE,0,16,WEST ENGLEWOOD,RS-3,"(41.77843935, -87.6766752)"
20-17-325-022-0000,6216 S JUSTINE ST,0,16,WEST ENGLEWOOD,RS-3,"(41.78077379, -87.66337692)"
20-17-116-015-0000,5743 S ASHLAND AVE,4253,16,WEST ENGLEWOOD,PD 1142,"(41.78911258, -87.66430944)"
20-17-312-044-0000,1336 W 61ST ST,0,16,WEST ENGLEWOOD,RS-3,"(41.78343163, -87.65850399)"
20-20-316-020-0000,6729 S ASHLAND AVE,0,16,WEST ENGLEWOOD,B3-2,"(41.76722506, -87.66349303)"
20-20-308-034-0000,1552 W 69TH ST,0,16,WEST ENGLEWOOD,B3-1,"(41.76881911, -87.66355166)"
20-20-308-036-0000,1548 W 69TH ST,0,16,WEST ENGLEWOOD,B3-1,"(41.76882123, -87.66336851)"
20-20-313-016-0000,6843 S ADA ST,3149,17,WEST ENGLEWOOD,RS-3,"(41.76917195, -87.65751928)"
20-18-431-009-0000,6225 S MARSHFIELD AVE,0,16,WEST ENGLEWOOD,RS-3,"(41.78052389, -87.66511574)"
20-17-128-007-0000,5845 S LOOMIS BLVD,0,16,WEST ENGLEWOOD,M1-1,"(41.78735889, -87.65919852)"
20-29-124-035-0000,1262 W 73RD PL,0,17,WEST ENGLEWOOD,RS-2,"(41.76073232, -87.65643663)"
20-19-105-026-0000,6353 S HAMILTON AVE,3294,16,WEST ENGLEWOOD,RS-3,"(41.7776059, -87.67717251)"
20-18-208-016-0000,5647 S DAMEN AVE,0,15,WEST ENGLEWOOD,B1-1,"(41.79073825, -87.67386416)"
20-17-400-002-0000,1153 W 59TH ST,0,16,ENGLEWOOD,B3-1,"(41.78663047, -87.65433758)"
20-18-106-023-0000,5516 S DAMEN AVE,0,15,WEST ENGLEWOOD,B1-1,"(41.79300247, -87.67441311)"
20-19-113-013-0000,6435 S HOYNE AVE,0,16,WEST ENGLEWOOD,RS-3,"(41.77642575, -87.67591956)"
20-19-105-044-0000,2107 W 63RD ST,0,16,WEST ENGLEWOOD,RT-4A,"(41.77916843, -87.67666553)"
20-18-410-010-0000,6023 S WOLCOTT AVE,3108,15,WEST ENGLEWOOD,RS-3,"(41.78410382, -87.67126291)"
20-17-301-010-0000,1501 W 59TH ST,0,16,WEST ENGLEWOOD,B3-1,"(41.78652133, -87.66215499)"
20-17-332-014-0000,6239 S ELIZABETH ST,0,16,WEST ENGLEWOOD,RS-3,"(41.78024201, -87.6554257)"
20-20-310-008-0000,6821 S LAFLIN ST,0,17,WEST ENGLEWOOD,RS-3,"(41.76978476, -87.6611785)"
20-17-424-013-0000,6245 S RACINE AVE,0,16,ENGLEWOOD,C1-1,"(41.78012617, -87.65417162)"
20-20-104-003-0000,1337 W 63RD ST,0,16,WEST ENGLEWOOD,PD 911,"(41.77929439, -87.65840397)"
20-18-426-039-0000,1846 W 63RD ST,0,15,WEST ENGLEWOOD,RS-3,"(41.77963878, -87.67090725)"
20-20-305-021-0000,6743 S ADA ST,3135,17,WEST ENGLEWOOD,RS-3,"(41.77100102, -87.65757041)"
20-17-303-031-0000,5952 S LOOMIS BLVD,0,16,WEST ENGLEWOOD,RS-3,"(41.7852504, -87.65985854)"
20-20-315-020-0000,1214 W 69TH ST,0,17,WEST ENGLEWOOD,RS-3,"(41.76893882, -87.65495054)"
20-20-113-033-0000,6524 S LAFLIN ST,0,16,WEST ENGLEWOOD,RS-3,"(41.77505656, -87.66201148)"
20-19-229-030-0000,6628 S PAULINA ST,0,15,WEST ENGLEWOOD,RS-3,"(41.77310226, -87.66686491)"
20-17-208-022-0000,5653 S RACINE AVE,0,16,ENGLEWOOD,RS-3,"(41.79079502, -87.65444287)"
20-20-309-014-0000,6833 S JUSTINE ST,0,16,WEST ENGLEWOOD,RS-3,"(41.76935755, -87.66238028)"
20-18-116-035-0000,5754 S HOYNE AVE,0,15,WEST ENGLEWOOD,RS-3,"(41.78863108, -87.67694473)"
20-17-114-020-0000,5649 S THROOP ST,0,16,WEST ENGLEWOOD,RS-3,"(41.79089389, -87.65687488)"
20-29-123-028-0000,1302 W 73RD PL,0,17,WEST ENGLEWOOD,RS-2,"(41.76071645, -87.657499)"
20-19-212-016-0000,6449 S WOOD ST,0,15,WEST ENGLEWOOD,RS-3,"(41.77618593, -87.66866517)"
20-19-105-045-0000,2111 W 63RD ST,0,16,WEST ENGLEWOOD,RT-4A,"(41.77916563, -87.67684836)"
20-20-309-013-0000,6831 S JUSTINE ST,0,16,WEST ENGLEWOOD,RS-3,"(41.76942645, -87.66238222)"
20-19-205-008-0000,1701 W 63RD ST,0,15,WEST ENGLEWOOD,B1-1,"(41.77910756, -87.66755022)"
20-17-116-035-0000,5738 S JUSTINE ST,0,16,WEST ENGLEWOOD,RS-3,"(41.78918392, -87.66337597)"
20-19-418-006-0000,1845 W 69TH ST,0,17,WEST ENGLEWOOD,RS-3,"(41.76821187, -87.67059356)"
20-19-426-025-0000,7000 S HONORE ST,0,17,WEST ENGLEWOOD,RS-3,"(41.76653378, -87.67028837)"
20-20-101-016-0000,6333 S JUSTINE ST,0,16,WEST ENGLEWOOD,RS-3,"(41.77850432, -87.66262156)"
20-20-315-010-0000,6827 S ELIZABETH ST,0,17,WEST ENGLEWOOD,RS-3,"(41.76968987, -87.65510673)"
20-20-319-040-0000,6942 S LOOMIS BLVD,0,6,WEST ENGLEWOOD,RS-3,"(41.76734828, -87.6593801)"
20-17-123-043-0000,5754 S RACINE AVE,0,16,WEST ENGLEWOOD,B1-1,"(41.78890838, -87.65488788)"
20-18-427-004-0000,6209 S HONORE ST,0,15,WEST ENGLEWOOD,RS-3,"(41.78088895, -87.66996597)"
20-18-426-041-0000,1840 W 63RD ST,0,15,WEST ENGLEWOOD,RS-3,"(41.77964143, -87.6707239)"
20-20-400-018-0000,6743 S RACINE AVE,0,16,ENGLEWOOD,RS-3,"(41.77109109, -87.65393373)"
20-20-408-014-0000,6833 S RACINE AVE,0,16,ENGLEWOOD,B1-1,"(41.76952093, -87.65408771)"
20-17-116-002-0000,5705 S ASHLAND AVE,5472,16,WEST ENGLEWOOD,C2-2,"(41.79018579, -87.66433907)"
20-17-327-036-0000,1450 W 63RD ST,0,16,WEST ENGLEWOOD,PD 911,"(41.77977242, -87.66136014)"
20-18-412-037-0000,1756 W 61ST ST,0,15,WEST ENGLEWOOD,RT-4,"(41.78331279, -87.66898676)"
20-18-431-004-0000,6209 S MARSHFIELD AVE,0,16,WEST ENGLEWOOD,RS-3,"(41.78086698, -87.66512443)"
20-18-204-024-0000,5526 S HERMITAGE AVE,3126,15,WEST ENGLEWOOD,RS-3,"(41.79276828, -87.66855913)"
20-18-425-018-0000,6200 S WOLCOTT AVE,0,15,WEST ENGLEWOOD,RS-3,"(41.78106635, -87.67187993)"
20-17-329-035-0000,1338 W 63RD ST,0,16,WEST ENGLEWOOD,PD 911,"(41.7798023, -87.65870304)"
20-29-104-035-0000,1270 W 71ST PL,0,6,WEST ENGLEWOOD,RS-2,"(41.76436855, -87.65682768)"
20-20-315-016-0000,6841 S ELIZABETH ST,0,17,WEST ENGLEWOOD,RS-3,"(41.76927801, -87.65509552)"
20-18-221-026-0000,5702 S PAULINA ST,0,15,WEST ENGLEWOOD,RS-3,"(41.79016397, -87.66726924)"
20-19-418-004-0000,1851 W 69TH ST,0,17,WEST ENGLEWOOD,RS-3,"(41.76821, -87.67076948)"
20-18-403-037-0000,5938 S WOOD ST,0,15,WEST ENGLEWOOD,RS-3,"(41.78551317, -87.66957325)"
20-20-319-006-0000,1413 W 69TH ST,0,6,WEST ENGLEWOOD,RS-3,"(41.76834594, -87.65964922)"
20-17-100-012-0000,5541 S ASHLAND AVE,0,16,WEST ENGLEWOOD,B3-2,"(41.79241319, -87.66415622)"
20-19-113-035-0000,6430 S SEELEY AVE,3000,16,WEST ENGLEWOOD,RS-3,"(41.77656438, -87.67540611)"
20-18-116-022-0000,5714 S HOYNE AVE,0,15,WEST ENGLEWOOD,RS-3,"(41.78971709, -87.67697417)"
20-19-218-011-0000,6533 S WOLCOTT AVE,0,15,WEST ENGLEWOOD,RS-3,"(41.77475939, -87.67103168)"
20-17-308-019-0000,6000 S JUSTINE ST,0,16,WEST ENGLEWOOD,RS-3,"(41.78485277, -87.66328243)"
20-19-408-038-0000,1942 W 69TH ST,0,17,WEST ENGLEWOOD,RS-3,"(41.76871016, -87.67300454)"
20-17-328-042-0000,1402 W 63RD ST,0,16,WEST ENGLEWOOD,PD 911,"(41.77979712, -87.65962243)"
20-18-404-012-0000,5919 S WOOD ST,0,15,WEST ENGLEWOOD,RS-3,"(41.78609818, -87.66889054)"
20-19-430-046-0000,1644 W 71ST ST,0,17,WEST ENGLEWOOD,RS-3,"(41.76514838, -87.66564954)"
20-17-124-023-0000,5814 S JUSTINE ST,0,16,WEST ENGLEWOOD,RS-3,"(41.78805855, -87.66355409)"
20-17-102-014-0000,5527 S LAFLIN ST,3095,16,WEST ENGLEWOOD,RS-3,"(41.79285315, -87.66178148)"
20-19-406-026-0000,6759 S PAULINA ST,0,16,WEST ENGLEWOOD,RS-3,"(41.77047221, -87.66605006)"
20-18-218-019-0000,5755 S WOLCOTT AVE,3720,15,WEST ENGLEWOOD,RS-3,"(41.78869579, -87.6713847)"
20-17-321-048-0000,6152 S THROOP ST,0,16,WEST ENGLEWOOD,RS-3,"(41.78154344, -87.65743466)"
20-20-318-029-0000,6934 S BISHOP ST,0,17,WEST ENGLEWOOD,RS-3,"(41.76753489, -87.66060115)"
20-20-107-003-0000,1221 W 63RD ST,0,16,WEST ENGLEWOOD,C1-2,"(41.77933762, -87.65536239)"
20-17-113-045-0000,1300 W 57TH ST,6066,16,WEST ENGLEWOOD,RS-3,"(41.79064558, -87.65756752)"
20-20-331-012-0000,7031 S ELIZABETH ST,0,6,WEST ENGLEWOOD,RS-3,"(41.76591384, -87.65500404)"
20-18-430-020-0000,6222 S MARSHFIELD AVE,0,15,WEST ENGLEWOOD,RS-3,"(41.78058344, -87.66580916)"
20-17-321-043-0000,6144 S THROOP ST,2939,16,WEST ENGLEWOOD,RS-3,"(41.78188653, -87.65744437)"
20-17-416-043-0000,6101 S RACINE AVE,0,16,ENGLEWOOD,RS-3,"(41.78309245, -87.65424457)"
20-29-132-055-0000,7408 S RACINE AVE,3123,17,WEST ENGLEWOOD,B1-1,"(41.75924023, -87.65431811)"
20-19-202-002-0000,1855 W 63RD ST,0,15,WEST ENGLEWOOD,RS-3,"(41.77905546, -87.6712348)"
20-19-203-034-0000,6340 S WOOD ST,0,15,WEST ENGLEWOOD,RS-3,"(41.77806481, -87.6694128)"
20-18-110-020-0000,5612 S HOYNE AVE,3629,15,WEST ENGLEWOOD,RS-3,"(41.79161521, -87.67702538)"
20-17-123-027-0000,5704 S RACINE AVE,0,16,WEST ENGLEWOOD,B1-1,"(41.79026492, -87.65512827)"
20-17-109-041-0000,5650 S LAFLIN ST,0,16,WEST ENGLEWOOD,RS-3,"(41.79074272, -87.66241805)"
20-18-403-002-0000,1825 W 59TH ST,0,15,WEST ENGLEWOOD,B1-1,"(41.78641795, -87.67029365)"
20-17-327-034-0000,1456 W 63RD ST,0,16,WEST ENGLEWOOD,PD 911,"(41.77977014, -87.66154348)"
20-17-305-014-0000,5922 S ADA ST,0,16,WEST ENGLEWOOD,RS-3,"(41.78611887, -87.65845716)"
20-18-419-026-0000,6108 S WOOD ST,0,15,WEST ENGLEWOOD,RS-3,"(41.7827173, -87.6694999)"
20-19-306-026-0000,2050 W 67TH PL,3129,16,WEST ENGLEWOOD,RS-2,"(41.77140354, -87.67570049)"
20-17-116-012-0000,5737 S ASHLAND AVE,0,16,WEST ENGLEWOOD,PD 1142,"(41.78931217, -87.66407596)"
20-19-218-034-0000,6542 S HONORE ST,3321,15,WEST ENGLEWOOD,RS-3,"(41.77447785, -87.67051392)"
20-20-319-007-0000,1411 W 69TH ST,0,6,WEST ENGLEWOOD,RS-3,"(41.76834737, -87.65955757)"
20-30-200-046-0000,7158 S WINCHESTER AVE,0,17,WEST ENGLEWOOD,RS-2,"(41.76312233, -87.67262983)"
20-17-315-001-0000,6001 S ELIZABETH ST,0,16,WEST ENGLEWOOD,RS-3,"(41.78492915, -87.65550565)"
20-19-112-029-0000,6416 S HOYNE AVE,0,16,WEST ENGLEWOOD,RS-3,"(41.77694985, -87.67663573)"
20-18-225-034-0000,1906 W 59TH ST,0,15,WEST ENGLEWOOD,M1-1,"(41.7869135, -87.67206289)"
20-18-424-032-0000,1948 W 63RD ST,0,15,WEST ENGLEWOOD,RS-3,"(41.77960218, -87.67342219)"
20-17-117-006-0000,5715 S JUSTINE ST,0,16,WEST ENGLEWOOD,RS-3,"(41.78980841, -87.66309736)"
20-17-119-040-0000,5738 S LOOMIS BLVD,0,16,WEST ENGLEWOOD,RS-3,"(41.78930001, -87.65996243)"
20-20-108-013-0000,6435 S ASHLAND AVE,0,16,WEST ENGLEWOOD,C1-2,"(41.77658066, -87.66375609)"
20-18-223-042-0000,5720 S ASHLAND AVE,0,16,WEST ENGLEWOOD,C2-2,"(41.78971278, -87.66487327)"
20-20-103-001-0000,1425 W 63RD ST,0,16,WEST ENGLEWOOD,PD 911,"(41.77926445, -87.6605119)"
20-19-408-021-0000,6806 S WINCHESTER AVE,0,17,WEST ENGLEWOOD,RS-3,"(41.76999122, -87.67280607)"
20-18-212-034-0000,5628 S HERMITAGE AVE,0,15,WEST ENGLEWOOD,RS-3,"(41.79121529, -87.66851654)"
20-20-314-027-0000,6818 S ELIZABETH ST,0,17,WEST ENGLEWOOD,RS-3,"(41.76988551, -87.65580879)"
20-29-115-009-0000,7257 S ASHLAND AVE,0,17,WEST ENGLEWOOD,B3-1,"(41.76153339, -87.66331634)"
20-17-115-014-0000,5633 S ELIZABETH ST,0,16,WEST ENGLEWOOD,RS-3,"(41.79132303, -87.65567114)"
20-20-323-023-0000,6934 S RACINE AVE,0,6,WEST ENGLEWOOD,B1-1,"(41.76794273, -87.65454513)"
20-18-427-041-0000,1812 W 63RD ST,0,15,WEST ENGLEWOOD,RS-3,"(41.77965695, -87.6696568)"
20-17-128-014-0000,1346 W 59TH ST,0,16,WEST ENGLEWOOD,M1-1,"(41.7871018, -87.6589315)"
20-18-226-026-0000,5834 S HONORE ST,0,15,WEST ENGLEWOOD,C2-1,"(41.7874528, -87.67083686)"
20-17-116-005-0000,5717 S ASHLAND AVE,0,16,WEST ENGLEWOOD,PD 1142,"(41.78979229, -87.66408782)"
20-19-401-047-0000,1913 W MARQUETTE RD,0,16,WEST ENGLEWOOD,RS-3,"(41.77183593, -87.67180611)"
20-17-116-007-0000,5721 S ASHLAND AVE,0,16,WEST ENGLEWOOD,PD 1142,"(41.78965511, -87.66408444)"
20-19-202-032-0000,6336 S HONORE ST,0,15,WEST ENGLEWOOD,RS-3,"(41.77827242, -87.67041439)"
20-19-425-041-0000,7044 S WOLCOTT AVE,0,17,WEST ENGLEWOOD,RS-3,"(41.76528991, -87.67147065)"
20-19-203-029-0000,6328 S WOOD ST,0,15,WEST ENGLEWOOD,RS-3,"(41.77840775, -87.66942256)"
20-19-422-007-0000,1643 W 69TH ST,0,17,WEST ENGLEWOOD,RS-3,"(41.76826554, -87.66559559)"
20-19-421-009-0000,1705 W 69TH ST,0,17,WEST ENGLEWOOD,RS-3,"(41.76825455, -87.66662682)"
20-17-329-017-0000,6200 S ADA ST,2913,16,WEST ENGLEWOOD,RT-4,"(41.78116799, -87.65858617)"
20-20-304-040-0000,6746 S ADA ST,0,17,WEST ENGLEWOOD,RS-3,"(41.77092251, -87.65826778)"
20-17-106-003-0000,1247 W GARFIELD BLVD,11214,16,WEST ENGLEWOOD,RT-4,"(41.79347733, -87.65675896)"
20-20-101-002-0000,1517 W 63RD ST,0,16,WEST ENGLEWOOD,B3-2,"(41.77923581, -87.66252226)"
20-19-129-014-0000,6635 S SEELEY AVE,0,16,WEST ENGLEWOOD,RS-3,"(41.77283501, -87.6746046)"
20-19-105-009-0000,2101 W 63RD ST,0,16,WEST ENGLEWOOD,RT-4A,"(41.77917156, -87.67639242)"
20-18-229-011-0000,5804 S PAULINA ST,0,15,WEST ENGLEWOOD,RS-3,"(41.78827699, -87.66722016)"
20-18-429-038-0000,1712 W 63RD ST,0,15,WEST ENGLEWOOD,RS-3,"(41.77969635, -87.66730292)"
20-20-310-048-0000,6820 S BISHOP ST,0,17,WEST ENGLEWOOD,RS-3,"(41.76972464, -87.66054725)"
20-19-203-001-0000,1821 W 63RD ST,0,15,WEST ENGLEWOOD,RS-3,"(41.77907193, -87.67007842)"
20-17-328-035-0000,6250 S LOOMIS BLVD,0,16,WEST ENGLEWOOD,PD 911,"(41.78004358, -87.6597239)"
20-17-329-023-0000,6216 S ADA ST,2912,16,WEST ENGLEWOOD,RT-4,"(41.78075529, -87.65857564)"
20-18-404-013-0000,5921 S WOOD ST,0,15,WEST ENGLEWOOD,RS-3,"(41.78602956, -87.66888875)"
20-17-115-029-0000,5614 S RACINE AVE,6313,16,WEST ENGLEWOOD,B1-1,"(41.79191469, -87.65517151)"
20-19-408-031-0000,6834 S WINCHESTER AVE,0,17,WEST ENGLEWOOD,RS-3,"(41.76923673, -87.67278683)"
20-19-419-003-0000,1819 W 69TH ST,0,17,WEST ENGLEWOOD,RS-3,"(41.76822219, -87.66964268)"
20-18-429-004-0000,6209 S HERMITAGE AVE,0,15,WEST ENGLEWOOD,RS-3,"(41.78083533, -87.66754322)"
20-19-223-044-0000,6550 S ASHLAND AVE,0,15,WEST ENGLEWOOD,C1-2,"(41.77426618, -87.66449117)"
20-19-429-015-0000,7039 S HERMITAGE AVE,0,17,WEST ENGLEWOOD,RS-3,"(41.76554527, -87.66713212)"
20-19-316-029-0000,2038 W 68TH PL,0,16,WEST ENGLEWOOD,RS-2,"(41.76959037, -87.67524207)"
20-19-430-039-0000,1648 W 71ST ST,0,17,WEST ENGLEWOOD,RS-3,"(41.76514703, -87.66578699)"
20-17-305-022-0000,5941 S ADA ST,0,16,WEST ENGLEWOOD,RS-3,"(41.78550343, -87.65794882)"
20-18-403-038-0000,5940 S WOOD ST,0,15,WEST ENGLEWOOD,RS-3,"(41.7854473, -87.66957153)"
20-19-214-013-0000,6433 S PAULINA ST,3690,15,WEST ENGLEWOOD,RS-3,"(41.77663001, -87.66626962)"
20-17-408-006-0000,6017 S RACINE AVE,0,16,ENGLEWOOD,B1-1,"(41.78453819, -87.65428078)"
20-20-111-014-0000,6433 S BISHOP ST,0,16,WEST ENGLEWOOD,RS-3,"(41.77669867, -87.66014893)"
20-19-207-009-0000,6341 S MARSHFIELD AVE,0,16,WEST ENGLEWOOD,RS-3,"(41.77825783, -87.66511066)"
20-20-108-008-0000,6423 S ASHLAND AVE,0,16,WEST ENGLEWOOD,C1-2,"(41.77692359, -87.66376565)"
20-18-207-020-0000,5518 S ASHLAND AVE,0,16,WEST ENGLEWOOD,B3-2,"(41.79301962, -87.66495542)"
20-19-308-008-0000,2107 W 67TH PL,0,16,WEST ENGLEWOOD,RS-2,"(41.77087106, -87.67647691)"
20-20-301-034-0000,6726 S LAFLIN ST,0,16,WEST ENGLEWOOD,RS-3,"(41.77136846, -87.66192197)"
20-18-411-032-0000,6022 S WOOD ST,0,15,WEST ENGLEWOOD,RS-3,"(41.78412646, -87.66953682)"
20-17-324-014-0000,6136 S RACINE AVE,0,16,WEST ENGLEWOOD,C1-1,"(41.78203242, -87.65492972)"
20-17-103-027-0000,5532 S LOOMIS BLVD,0,16,WEST ENGLEWOOD,RS-3,"(41.7927378, -87.66005073)"
20-19-200-007-0000,6315 S DAMEN AVE,0,15,WEST ENGLEWOOD,RS-3,"(41.77875885, -87.67354018)"
20-20-316-019-0000,6943 S ASHLAND AVE,0,16,WEST ENGLEWOOD,RS-2,"(41.7672934, -87.66349505)"
20-19-408-018-0000,6800 S WINCHESTER AVE,3736,17,WEST ENGLEWOOD,RS-3,"(41.77013646, -87.67280964)"
20-17-322-008-0000,6121 S THROOP ST,0,16,WEST ENGLEWOOD,RS-3,"(41.78248864, -87.65678391)"
20-17-123-037-0000,5730 S RACINE AVE,0,16,WEST ENGLEWOOD,B1-1,"(41.78957874, -87.65511025)"
20-17-307-038-0000,5944 S RACINE AVE,0,16,WEST ENGLEWOOD,C1-1,"(41.78554298, -87.65500615)"
20-17-116-018-0000,5753 S ASHLAND AVE,0,16,WEST ENGLEWOOD,C2-2,"(41.78883204, -87.66406411)"
20-19-202-005-0000,1845 W 63RD ST,0,15,WEST ENGLEWOOD,RS-3,"(41.77905955, -87.67094582)"
20-20-115-005-0000,6509 S BISHOP ST,0,16,WEST ENGLEWOOD,RS-3,"(41.77556119, -87.66011892)"
20-20-317-024-0000,6953 S JUSTINE ST,4687,16,WEST ENGLEWOOD,RS-3,"(41.76701615, -87.66231433)"
20-18-423-009-0000,6123 S MARSHFIELD AVE,0,15,WEST ENGLEWOOD,RS-3,"(41.7823607, -87.66516212)"
20-20-103-003-0000,1419 W 63RD ST,0,16,WEST ENGLEWOOD,PD 911,"(41.77926897, -87.66019495)"
20-18-403-034-0000,5932 S WOOD ST,0,15,WEST ENGLEWOOD,RS-3,"(41.78571079, -87.66957842)"
20-17-111-043-0000,5650 S LOOMIS BLVD,0,16,WEST ENGLEWOOD,RS-3,"(41.79077691, -87.66000013)"
20-19-418-005-0000,1849 W 69TH ST,0,17,WEST ENGLEWOOD,RS-3,"(41.76821096, -87.67068151)"
20-18-217-034-0000,5738 S WOLCOTT AVE,0,15,WEST ENGLEWOOD,RS-3,"(41.78909946, -87.67209315)"
20-19-417-019-0000,6951 S WINCHESTER AVE,0,17,WEST ENGLEWOOD,RS-3,"(41.7670639, -87.67223054)"
20-20-309-002-0000,6803 S JUSTINE ST,0,16,WEST ENGLEWOOD,RS-3,"(41.77018427, -87.66240355)"
20-20-329-018-0000,1324 W 71ST ST,0,6,WEST ENGLEWOOD,RS-3,"(41.76526009, -87.65758837)"
20-19-228-011-0000,6631 S WOOD ST,3092,15,WEST ENGLEWOOD,RS-3,"(41.77299252, -87.66857771)"
20-20-113-023-0000,6500 S LAFLIN ST,0,16,WEST ENGLEWOOD,RS-3,"(41.77574177, -87.66203092)"
20-18-220-044-0000,5708 S HERMITAGE AVE,0,15,WEST ENGLEWOOD,RM-5,"(41.78973728, -87.66847606)"
20-17-320-047-0000,6156 S ADA ST,0,16,WEST ENGLEWOOD,RT-4,"(41.78152734, -87.65859528)"
20-17-126-017-0000,5814 S BISHOP ST,0,16,WEST ENGLEWOOD,RS-3,"(41.78814764, -87.6611455)"
20-19-422-003-0000,1653 W 69TH ST,0,17,WEST ENGLEWOOD,RS-3,"(41.76826157, -87.66596217)"
20-18-212-024-0000,5604 S HERMITAGE AVE,0,15,WEST ENGLEWOOD,RS-3,"(41.79191832, -87.66853579)"
20-17-330-003-0000,6205 S ADA ST,0,16,WEST ENGLEWOOD,RT-4,"(41.78103841, -87.65790597)"
20-17-109-039-0000,5646 S LAFLIN ST,0,16,WEST ENGLEWOOD,RS-3,"(41.79087991, -87.66242201)"
20-20-320-002-0000,1355 W 69TH ST,0,6,WEST ENGLEWOOD,RS-3,"(41.7683602, -87.6587072)"
20-20-101-011-0000,6321 S JUSTINE ST,0,16,WEST ENGLEWOOD,RS-3,"(41.77884728, -87.6626312)"
20-18-422-021-0000,6153 S PAULINA ST,0,15,WEST ENGLEWOOD,RS-3,"(41.78152068, -87.66634853)"
20-18-430-027-0000,6240 S MARSHFIELD AVE,0,15,WEST ENGLEWOOD,RS-3,"(41.78010312, -87.665797)"
20-30-206-027-0000,7116 S MARSHFIELD AVE,0,17,WEST ENGLEWOOD,RS-2,"(41.76430973, -87.66536921)"
20-17-304-017-0000,5931 S LOOMIS BLVD,0,16,WEST ENGLEWOOD,RS-3,"(41.78588114, -87.65937024)"
20-17-328-039-0000,1410 W 63RD ST,0,16,WEST ENGLEWOOD,PD 911,"(41.77979349, -87.65988461)"
20-18-212-023-0000,5602 S HERMITAGE AVE,0,15,WEST ENGLEWOOD,RS-3,"(41.79201811, -87.66832883)"
20-19-402-039-0000,6740 S HONORE ST,0,16,WEST ENGLEWOOD,RS-3,"(41.77091641, -87.67040503)"
20-18-227-010-0000,5814 S WOOD ST,0,15,WEST ENGLEWOOD,M2-1,"(41.7879275, -87.66989423)"
20-19-216-036-0000,6538 S WINCHESTER AVE,0,15,WEST ENGLEWOOD,RS-3,"(41.77457601, -87.67292577)"
20-20-305-020-0000,6741 S ADA ST,0,17,WEST ENGLEWOOD,RS-3,"(41.77106964, -87.65757237)"
20-20-115-002-0000,6503 S BISHOP ST,0,16,WEST ENGLEWOOD,RS-3,"(41.77569759, -87.66018494)"
20-19-106-023-0000,6345 S HOYNE AVE,0,16,WEST ENGLEWOOD,RS-3,"(41.77790049, -87.6759592)"
20-19-231-001-0000,6601 S MARSHFIELD AVE,0,15,WEST ENGLEWOOD,RS-3,"(41.77387326, -87.66499305)"
20-17-326-002-0000,6203 S JUSTINE ST,0,16,WEST ENGLEWOOD,RS-3,"(41.78112671, -87.66269543)"
20-19-203-028-0000,6326 S WOOD ST,0,15,WEST ENGLEWOOD,RS-3,"(41.77847637, -87.66942445)"
20-17-108-020-0000,5651 S ASHLAND AVE,0,16,WEST ENGLEWOOD,B3-2,"(41.79072183, -87.66411026)"
20-19-230-026-0000,6620 S MARSHFIELD AVE,0,15,WEST ENGLEWOOD,RS-3,"(41.77332244, -87.66566963)"
20-20-105-004-0000,1315 W 63RD ST,0,16,WEST ENGLEWOOD,C1-2,"(41.77930508, -87.65765826)"
20-18-419-012-0000,6129 S HONORE ST,3100,15,WEST ENGLEWOOD,RS-3,"(41.7821617, -87.66999949)"
20-18-226-028-0000,5840 S HONORE ST,0,15,WEST ENGLEWOOD,C2-1,"(41.787247, -87.67083144)"
20-17-324-010-0000,6159 S ELIZABETH ST,0,16,WEST ENGLEWOOD,RS-3,"(41.78154293, -87.65551461)"
20-19-401-030-0000,6720 S WOLCOTT AVE,0,16,WEST ENGLEWOOD,RS-3,"(41.77145089, -87.67163358)"
20-19-420-009-0000,1735 W 69TH ST,0,17,WEST ENGLEWOOD,RS-3,"(41.76824258, -87.66773636)"
20-20-312-024-0000,6812 S ADA ST,0,17,WEST ENGLEWOOD,RS-3,"(41.76998717, -87.65824132)"
20-20-111-012-0000,6429 S BISHOP ST,0,16,WEST ENGLEWOOD,RS-3,"(41.77683591, -87.66015261)"
20-18-427-042-0000,1810 W 63RD ST,0,15,WEST ENGLEWOOD,RS-3,"(41.77965829, -87.66956512)"
20-20-321-021-0000,6951 S ADA ST,0,6,WEST ENGLEWOOD,RS-3,"(41.76714716, -87.65746361)"
20-19-402-029-0000,6714 S HONORE ST,0,16,WEST ENGLEWOOD,RS-3,"(41.7716024, -87.6704233)"
20-18-409-031-0000,6016 S WOLCOTT AVE,0,15,WEST ENGLEWOOD,RS-3,"(41.78430046, -87.67196583)"
20-17-129-012-0000,5841 S ADA ST,0,16,WEST ENGLEWOOD,M1-1,"(41.78752292, -87.65798603)"
20-18-208-002-0000,5603 S DAMEN AVE,0,15,WEST ENGLEWOOD,B1-1,"(41.79189056, -87.6738987)"
20-20-101-041-0000,6350 S LAFLIN ST,0,16,WEST ENGLEWOOD,RS-3,"(41.77803143, -87.66209529)"
20-17-118-006-0000,5715 S LAFLIN ST,0,16,WEST ENGLEWOOD,RS-3,"(41.78996202, -87.66170309)"
20-18-406-034-0000,5928 S MARSHFIELD AVE,0,15,WEST ENGLEWOOD,RS-3,"(41.78586204, -87.66594278)"
20-17-321-034-0000,6120 S THROOP ST,0,16,WEST ENGLEWOOD,RS-3,"(41.78257272, -87.65746375)"
20-20-314-010-0000,6827 S THROOP ST,0,17,WEST ENGLEWOOD,RS-3,"(41.76968925, -87.65632006)"
20-30-214-014-0000,7237 S PAULINA ST,0,17,WEST ENGLEWOOD,RS-2,"(41.76198699, -87.66582381)"
20-18-405-020-0000,5941 S HERMITAGE AVE,0,15,WEST ENGLEWOOD,RS-3,"(41.78550783, -87.66766296)"
20-19-107-043-0000,6321 S SEELEY AVE,0,16,WEST ENGLEWOOD,RS-3,"(41.77857126, -87.67475651)"
20-18-213-002-0000,5603 S HERMITAGE AVE,0,15,WEST ENGLEWOOD,RS-3,"(41.79197862, -87.6678358)"
20-19-128-022-0000,6657 S HOYNE AVE,0,16,WEST ENGLEWOOD,RS-3,"(41.7721954, -87.67600329)"
20-18-222-001-0000,5701 S PAULINA ST,0,16,WEST ENGLEWOOD,RS-3,"(41.79020701, -87.66656996)"
20-30-214-036-0000,7230 S MARSHFIELD AVE,0,17,WEST ENGLEWOOD,RS-2,"(41.76212966, -87.66531177)"
20-18-428-033-0000,1752 W 63RD ST,0,15,WEST ENGLEWOOD,RS-3,"(41.7796781, -87.66869599)"
20-18-412-019-0000,6000 S HERMITAGE AVE,0,15,WEST ENGLEWOOD,RS-3,"(41.78475732, -87.66834133)"
20-20-315-028-0000,6820 S RACINE AVE,0,17,WEST ENGLEWOOD,B1-1,"(41.76983463, -87.65459739)"
20-19-204-015-0000,6337 S WOOD ST,0,15,WEST ENGLEWOOD,RS-3,"(41.77827964, -87.66872499)"
20-19-422-004-0000,1651 W 69TH ST,0,17,WEST ENGLEWOOD,RS-3,"(41.76826262, -87.6658705)"
20-19-211-002-0000,6403 S HONORE ST,0,15,WEST ENGLEWOOD,RS-3,"(41.77736649, -87.66990184)"
20-20-307-018-0000,6728 S RACINE AVE,0,17,WEST ENGLEWOOD,RS-3,"(41.77147651, -87.6546417)"
20-17-328-043-0000,1400 W 63RD ST,0,16,WEST ENGLEWOOD,PD 911,"(41.77979835, -87.65953442)"
20-29-132-015-0000,1241 W 74TH ST,0,17,WEST ENGLEWOOD,RS-2,"(41.75931295, -87.6555752)"
20-17-122-017-0000,5745 S THROOP ST,0,16,WEST ENGLEWOOD,RS-3,"(41.78921114, -87.65683046)"
20-17-332-030-0000,1220 W 63RD ST,0,16,WEST ENGLEWOOD,C1-2,"(41.77985637, -87.65542837)"
20-18-217-024-0000,5710 S WOLCOTT AVE,0,15,WEST ENGLEWOOD,RS-3,"(41.78992259, -87.6721149)"
20-19-417-022-0000,6959 S WINCHESTER AVE,0,17,WEST ENGLEWOOD,RS-3,"(41.76676465, -87.67202552)"
20-20-307-028-0000,6756 S RACINE AVE,0,17,WEST ENGLEWOOD,RS-3,"(41.77069975, -87.65462088)"
20-20-400-013-0000,6729 S RACINE AVE,0,16,ENGLEWOOD,RS-3,"(41.77142515, -87.65394253)"
20-19-415-032-0000,6824 S ASHLAND AVE,0,17,WEST ENGLEWOOD,B3-2,"(41.76955352, -87.66432828)"
20-17-119-016-0000,5739 S BISHOP ST,0,16,WEST ENGLEWOOD,RS-3,"(41.78929266, -87.66047826)"
20-19-429-005-0000,7011 S HERMITAGE AVE,0,17,WEST ENGLEWOOD,RS-3,"(41.76629205, -87.66715312)"
20-29-132-059-0000,7418 S RACINE AVE,0,17,WEST ENGLEWOOD,B1-1,"(41.75896575, -87.65431082)"
20-19-421-004-0000,1715 W 69TH ST,0,17,WEST ENGLEWOOD,RS-3,"(41.76824961, -87.66708502)"
20-20-109-039-0000,6434 S LAFLIN ST,0,16,WEST ENGLEWOOD,RS-3,"(41.77660372, -87.66205527)"
20-18-400-027-0000,5914 S WINCHESTER AVE,0,16,WEST ENGLEWOOD,RS-3,"(41.78613895, -87.67322631)"
20-19-206-031-0000,6326 S MARSHFIELD AVE,0,15,WEST ENGLEWOOD,RS-3,"(41.77861797, -87.66561058)"
20-17-200-020-0000,5545 S RACINE AVE,0,16,ENGLEWOOD,B3-2,"(41.79247901, -87.65448712)"
20-20-304-010-0000,6715 S LOOMIS BLVD,0,17,WEST ENGLEWOOD,RS-3,"(41.77175415, -87.65880717)"
20-19-220-015-0000,6545 S WOOD ST,0,15,WEST ENGLEWOOD,RT-4,"(41.77444869, -87.66861646)"
20-17-312-028-0000,6024 S ADA ST,0,16,WEST ENGLEWOOD,RS-3,"(41.78420636, -87.65861536)"
20-19-211-035-0000,6432 S WOOD ST,0,15,WEST ENGLEWOOD,RS-3,"(41.77658008, -87.66937056)"
20-19-201-012-0000,6319 S WINCHESTER AVE,0,15,WEST ENGLEWOOD,RS-3,"(41.77868687, -87.67234535)"
20-18-416-002-0000,6105 S DAMEN AVE,0,16,WEST ENGLEWOOD,RS-3,"(41.7827302, -87.67365037)"
20-19-408-042-0000,1934 W 69TH ST,0,17,WEST ENGLEWOOD,RS-3,"(41.76871463, -87.67259215)"
20-17-400-027-0000,5955 S RACINE AVE,0,16,ENGLEWOOD,RS-3,"(41.78527923, -87.65429933)"
20-20-101-038-0000,6342 S LAFLIN ST,0,16,WEST ENGLEWOOD,RS-3,"(41.7782372, -87.66210106)"
20-18-214-013-0000,5633 S PAULINA ST,0,16,WEST ENGLEWOOD,RS-3,"(41.79117092, -87.66659466)"
20-17-311-022-0000,6012 S LOOMIS BLVD,2984,16,WEST ENGLEWOOD,RS-3,"(41.78454026, -87.65984018)"
20-18-214-035-0000,5630 S MARSHFIELD AVE,0,16,WEST ENGLEWOOD,RS-3,"(41.79124599, -87.66608028)"
20-17-326-032-0000,6236 S LAFLIN ST,3126,16,WEST ENGLEWOOD,RS-3,"(41.78024034, -87.66216149)"
20-19-201-033-0000,6340 S WOLCOTT AVE,0,15,WEST ENGLEWOOD,RS-3,"(41.77803829, -87.67181787)"
20-20-400-009-0000,6721 S RACINE AVE,0,16,ENGLEWOOD,RS-3,"(41.77169277, -87.65394966)"
20-17-119-017-0000,5741 S BISHOP ST,0,16,WEST ENGLEWOOD,RS-3,"(41.78922404, -87.66047646)"
20-19-421-006-0000,1711 W 69TH ST,0,17,WEST ENGLEWOOD,RS-3,"(41.7682516, -87.66690174)"
20-18-427-023-0000,6212 S WOOD ST,0,15,WEST ENGLEWOOD,RS-3,"(41.78077159, -87.66944885)"
20-19-413-032-0000,6832 S PAULINA ST,3056,17,WEST ENGLEWOOD,RS-3,"(41.76932594, -87.66671764)"
20-17-116-009-0000,5727 S ASHLAND AVE,0,16,WEST ENGLEWOOD,PD 1142,"(41.78958652, -87.66408275)"
20-18-427-040-0000,1814 W 63RD ST,0,15,WEST ENGLEWOOD,RS-3,"(41.77965561, -87.66974847)"
20-18-403-007-0000,1811 W 59TH ST,0,15,WEST ENGLEWOOD,RS-3,"(41.7864252, -87.66974357)"
20-20-322-006-0000,6923 S THROOP ST,3125,6,WEST ENGLEWOOD,RS-3,"(41.76791673, -87.65627191)"
20-18-428-023-0000,6222 S HERMITAGE AVE,0,15,WEST ENGLEWOOD,RS-3,"(41.78051745, -87.66823197)"
20-17-118-020-0000,5751 S LAFLIN ST,0,16,WEST ENGLEWOOD,RS-3,"(41.78893277, -87.66167801)"
20-17-305-013-0000,5921 S ADA ST,3120,16,WEST ENGLEWOOD,RS-3,"(41.78619071, -87.65796621)"
20-18-428-030-0000,6240 S HERMITAGE AVE,0,15,WEST ENGLEWOOD,RS-3,"(41.78000281, -87.66821871)"
20-18-429-015-0000,6239 S HERMITAGE AVE,0,15,WEST ENGLEWOOD,RS-3,"(41.78008054, -87.66752388)"
20-17-308-041-0000,1538 W 61ST ST,0,16,WEST ENGLEWOOD,RS-3,"(41.78338487, -87.66344144)"
20-20-315-027-0000,6818 S RACINE AVE,0,17,WEST ENGLEWOOD,B1-1,"(41.76990325, -87.65459932)"
20-20-315-001-0000,6801 S ELIZABETH ST,0,17,WEST ENGLEWOOD,RS-3,"(41.77034173, -87.65512446)"
20-19-220-013-0000,6537 S WOOD ST,0,15,WEST ENGLEWOOD,RS-3,"(41.77461325, -87.66862113)"
20-20-107-007-0000,1201 W 63RD ST,0,16,WEST ENGLEWOOD,C1-2,"(41.77934631, -87.65474207)"
20-18-207-008-0000,5517 S MARSHFIELD AVE,2914,16,WEST ENGLEWOOD,RS-3,"(41.79308184, -87.66544279)"
20-17-123-044-0000,5756 S RACINE AVE,0,16,WEST ENGLEWOOD,B1-1,"(41.78885204, -87.65488673)"
20-18-208-003-0000,5607 S DAMEN AVE,0,15,WEST ENGLEWOOD,B1-1,"(41.79180824, -87.6738962)"
20-20-102-008-0000,1440 W 63RD ST,0,16,WEST ENGLEWOOD,PD 911,"(41.77977356, -87.66126847)"
20-29-126-024-0000,1450 W 74TH ST,0,17,WEST ENGLEWOOD,RS-2,"(41.75975692, -87.66083372)"
20-17-118-003-0000,5707 S LAFLIN ST,0,16,WEST ENGLEWOOD,RS-3,"(41.79016787, -87.66170813)"
20-17-103-006-0000,1401 W GARFIELD BLVD,0,16,WEST ENGLEWOOD,B3-2,"(41.79346147, -87.66001968)"
20-18-404-042-0000,5948 S HERMITAGE AVE,3125,15,WEST ENGLEWOOD,RS-3,"(41.78528148, -87.66835487)"
20-20-310-021-0000,6806 S BISHOP ST,0,17,WEST ENGLEWOOD,RS-3,"(41.77013704, -87.66067265)"
20-29-132-058-0000,7416 S RACINE AVE,0,17,WEST ENGLEWOOD,B1-1,"(41.75903437, -87.65431266)"
20-20-224-006-0000,6617 S RACINE AVE,0,16,ENGLEWOOD,RT-4,"(41.77350371, -87.65399685)"
20-17-304-004-0000,1349 W 59TH ST,0,16,WEST ENGLEWOOD,C1-1,"(41.78656589, -87.65897794)"
20-19-218-007-0000,6519 S WOLCOTT AVE,0,15,WEST ENGLEWOOD,RS-3,"(41.77514487, -87.6710426)"
20-18-228-011-0000,5806 S HERMITAGE AVE,0,15,WEST ENGLEWOOD,RS-3,"(41.7882605, -87.66843415)"
20-20-105-030-0000,1301 W 63RD ST,0,16,WEST ENGLEWOOD,C1-2,"(41.77930999, -87.65731049)"
20-20-317-002-0000,1519 W 69TH ST,0,16,WEST ENGLEWOOD,RS-3,"(41.76832132, -87.66216751)"
20-20-320-034-0000,6934 S ADA ST,0,6,WEST ENGLEWOOD,RS-3,"(41.76761408, -87.65817482)"
20-18-410-012-0000,6029 S WOLCOTT AVE,0,15,WEST ENGLEWOOD,RS-3,"(41.78396664, -87.67125924)"
20-17-304-035-0000,5930 S ADA ST,0,16,WEST ENGLEWOOD,RS-3,"(41.78583737, -87.65865685)"
20-18-222-038-0000,5740 S MARSHFIELD AVE,0,16,WEST ENGLEWOOD,RS-3,"(41.78915021, -87.66602668)"
20-20-103-005-0000,1415 W 63RD ST,0,16,WEST ENGLEWOOD,PD 911,"(41.77927157, -87.66001174)"
20-17-116-014-0000,5741 S ASHLAND AVE,0,16,WEST ENGLEWOOD,PD 1142,"(41.78915786, -87.66407218)"
20-19-206-009-0000,1633 W 63RD ST,0,15,WEST ENGLEWOOD,RS-3,"(41.77932426, -87.66551751)"
20-20-308-019-0000,6810 S JUSTINE ST,0,16,WEST ENGLEWOOD,RS-3,"(41.76997028, -87.66308918)"
20-18-411-013-0000,6033 S HONORE ST,0,15,WEST ENGLEWOOD,RS-3,"(41.78384536, -87.67004381)"
20-19-218-019-0000,6555 S WOLCOTT AVE,0,15,WEST ENGLEWOOD,RS-3,"(41.77412567, -87.67101376)"
20-17-112-016-0000,5637 S LOOMIS BLVD,0,16,WEST ENGLEWOOD,RS-3,"(41.7911334, -87.65930993)"
20-18-427-010-0000,6225 S HONORE ST,0,15,WEST ENGLEWOOD,RS-3,"(41.78043489, -87.669954)"
20-19-203-023-0000,6314 S WOOD ST,0,15,WEST ENGLEWOOD,RS-3,"(41.77881851, -87.66943389)"
20-17-117-005-0000,5713 S JUSTINE ST,0,16,WEST ENGLEWOOD,RS-3,"(41.78994572, -87.66290505)"
20-17-331-005-0000,6217 S THROOP ST,0,16,WEST ENGLEWOOD,RS-3,"(41.78084774, -87.65671126)"
20-19-228-032-0000,6636 S HERMITAGE AVE,,15,WEST ENGLEWOOD,RS-3,"(41.77286829, -87.66806219)"
20-17-328-041-0000,1404 W 63RD ST,0,16,WEST ENGLEWOOD,PD 911,"(41.77979589, -87.65971044)"
20-19-422-039-0000,6938 S MARSHFIELD AVE,0,17,WEST ENGLEWOOD,RS-3,"(41.76717618, -87.66544614)"
20-17-121-002-0000,5703 S ADA ST,0,16,WEST ENGLEWOOD,RS-3,"(41.79029166, -87.65807378)"
20-19-211-024-0000,6404 S WOOD ST,0,15,WEST ENGLEWOOD,RS-3,"(41.77732225, -87.66939181)"
20-18-220-038-0000,5744 S HERMITAGE AVE,0,15,WEST ENGLEWOOD,RS-3,"(41.78898277, -87.66845543)"
20-19-422-031-0000,6922 S MARSHFIELD AVE,0,17,WEST ENGLEWOOD,RS-3,"(41.76772013, -87.66546076)"
20-18-401-046-0000,5958 S WOLCOTT AVE,0,15,WEST ENGLEWOOD,RS-3,"(41.7849568, -87.67198372)"
20-18-410-034-0000,6024 S HONORE ST,0,15,WEST ENGLEWOOD,RS-3,"(41.78404198, -87.67074678)"
20-20-116-006-0000,6627 S ASHLAND AVE,0,16,WEST ENGLEWOOD,B3-2,"(41.77315937, -87.66366095)"
20-17-130-024-0000,5830 S ELIZABETH ST,0,16,WEST ENGLEWOOD,M1-1,"(41.78771761, -87.65628965)"
20-18-419-019-0000,6149 S HONORE ST,0,15,WEST ENGLEWOOD,RS-3,"(41.78162319, -87.6699853)"
20-19-413-038-0000,1716 W 69TH ST,0,17,WEST ENGLEWOOD,RS-3,"(41.76877259, -87.66719054)"
20-20-317-018-0000,6937 S JUSTINE ST,0,16,WEST ENGLEWOOD,RS-3,"(41.76744352, -87.6623263)"
20-18-428-034-0000,1750 W 63RD ST,0,15,WEST ENGLEWOOD,RS-3,"(41.7796793, -87.66860436)"
20-18-420-040-0000,6138 S HERMITAGE AVE,0,15,WEST ENGLEWOOD,RS-3,"(41.78190602, -87.66826784)"
20-20-109-018-0000,6443 S JUSTINE ST,0,16,WEST ENGLEWOOD,RS-3,"(41.77639101, -87.66256192)"
20-20-308-025-0000,6826 S JUSTINE ST,0,16,WEST ENGLEWOOD,RS-3,"(41.7695569, -87.66307756)"
20-18-430-034-0000,1644 W 63RD ST,0,15,WEST ENGLEWOOD,RS-3,"(41.77971342, -87.66599899)"
20-19-327-037-0000,2026 W 69TH PL,0,17,WEST ENGLEWOOD,RS-2,"(41.76778278, -87.67469225)"
20-19-315-011-0000,2124 W 68TH PL,0,16,WEST ENGLEWOOD,RS-2,"(41.76956915, -87.67708538)"
20-20-314-014-0000,6837 S THROOP ST,0,17,WEST ENGLEWOOD,RS-3,"(41.76936336, -87.65631112)"
20-18-427-013-0000,6233 S HONORE ST,0,15,WEST ENGLEWOOD,RS-3,"(41.78023732, -87.6699488)"
20-17-321-006-0000,1313 W 61ST ST,0,16,WEST ENGLEWOOD,RS-3,"(41.78294832, -87.6577638)"
20-19-316-026-0000,2048 W 68TH PL,0,16,WEST ENGLEWOOD,RS-2,"(41.76958673, -87.6755628)"
20-17-325-038-0000,1534 W 63RD ST,0,16,WEST ENGLEWOOD,B3-2,"(41.77974852, -87.6632783)"
20-17-106-026-0000,5530 S ELIZABETH ST,0,16,WEST ENGLEWOOD,RS-3,"(41.79281511, -87.65620023)"
20-19-205-041-0000,1725 W 63RD ST,0,15,WEST ENGLEWOOD,B1-1,"(41.77910531, -87.6677244)"
20-17-115-043-0000,5648 S RACINE AVE,0,16,WEST ENGLEWOOD,B1-1,"(41.79091877, -87.65514536)"
20-19-112-026-0000,6408 S HOYNE AVE,0,16,WEST ENGLEWOOD,RS-3,"(41.77715565, -87.67664115)"
20-20-315-024-0000,6810 S RACINE AVE,0,17,WEST ENGLEWOOD,RS-3,"(41.7701091, -87.65460497)"
20-19-421-008-0000,1707 W 69TH ST,0,17,WEST ENGLEWOOD,RS-3,"(41.76825348, -87.66671843)"
20-17-200-006-0000,1141 W GARFIELD BLVD,0,16,ENGLEWOOD,B3-2,"(41.79352084, -87.65406683)"
20-18-414-022-0000,6014 S MARSHFIELD AVE,0,15,WEST ENGLEWOOD,RS-3,"(41.78437721, -87.6659052)"
20-20-311-034-0000,6844 S LOOMIS BLVD,0,17,WEST ENGLEWOOD,RS-3,"(41.76910643, -87.65922541)"
20-18-419-037-0000,6136 S WOOD ST,0,15,WEST ENGLEWOOD,RS-3,"(41.78196275, -87.66948007)"
20-18-427-026-0000,6220 S WOOD ST,0,15,WEST ENGLEWOOD,RS-3,"(41.78057404, -87.66944367)"
20-19-415-029-0000,6816 S ASHLAND AVE,0,17,WEST ENGLEWOOD,B3-2,"(41.76975927, -87.66433436)"
20-19-208-036-0000,6436 S WINCHESTER AVE,0,15,WEST ENGLEWOOD,RS-3,"(41.77639836, -87.67297427)"
20-18-112-031-0000,5636 S DAMEN AVE,0,15,WEST ENGLEWOOD,RS-3,"(41.7909922, -87.67457191)"
20-17-314-009-0000,6021 S THROOP ST,0,16,WEST ENGLEWOOD,RS-3,"(41.78436262, -87.65670581)"
20-19-210-021-0000,6400 S HONORE ST,0,15,WEST ENGLEWOOD,RS-3,"(41.77743773, -87.6705968)"
20-17-100-022-0000,5540 S JUSTINE ST,0,16,WEST ENGLEWOOD,RS-3,"(41.7924865, -87.6636696)"
20-20-314-028-0000,6820 S ELIZABETH ST,0,17,WEST ENGLEWOOD,RS-3,"(41.7698169, -87.65580684)"
20-17-114-017-0000,5641 S THROOP ST,0,16,WEST ENGLEWOOD,RS-3,"(41.79109975, -87.65688033)"
20-18-225-033-0000,1908 W 59TH ST,0,15,WEST ENGLEWOOD,M1-1,"(41.78691238, -87.67215458)"
20-19-202-003-0000,1851 W 63RD ST,0,15,WEST ENGLEWOOD,RS-3,"(41.77905676, -87.67113848)"
20-19-420-004-0000,1751 W 69TH ST,0,17,WEST ENGLEWOOD,RS-3,"(41.76823663, -87.66830025)"
20-20-113-024-0000,6502 S LAFLIN ST,0,16,WEST ENGLEWOOD,RS-3,"(41.77567411, -87.66202907)"
20-30-203-029-0000,7159 S HONORE ST,0,17,WEST ENGLEWOOD,RS-2,"(41.76315439, -87.66949842)"
20-17-129-020-0000,1310 W 59TH ST,0,16,WEST ENGLEWOOD,M1-1,"(41.78712896, -87.65773242)"
20-17-130-022-0000,5841 S THROOP ST,0,16,WEST ENGLEWOOD,M1-1,"(41.78743617, -87.65676888)"
20-19-406-018-0000,6739 S PAULINA ST,0,16,WEST ENGLEWOOD,RS-3,"(41.77101831, -87.66606489)"
20-19-120-006-0000,6515 S HAMILTON AVE,3155,16,WEST ENGLEWOOD,RS-3,"(41.77512859, -87.677109)"
20-17-326-020-0000,6206 S LAFLIN ST,0,16,WEST ENGLEWOOD,RS-3,"(41.7810654, -87.66218224)"
20-19-422-005-0000,1647 W 69TH ST,0,17,WEST ENGLEWOOD,RS-3,"(41.7682635, -87.66577884)"
20-19-105-008-0000,2103 W 63RD ST,0,16,WEST ENGLEWOOD,RT-4A,"(41.7791707, -87.67648385)"
20-18-425-029-0000,6228 S WOLCOTT AVE,0,15,WEST ENGLEWOOD,RS-3,"(41.78027542, -87.6718588)"
20-17-115-025-0000,5600 S RACINE AVE,0,16,WEST ENGLEWOOD,B1-1,"(41.79222075, -87.65517954)"
20-29-124-006-0000,1269 W 73RD ST,0,17,WEST ENGLEWOOD,RS-2,"(41.76111497, -87.65662981)"
20-18-430-035-0000,1638 W 63RD ST,0,15,WEST ENGLEWOOD,RS-3,"(41.77971521, -87.66586152)"
20-19-120-030-0000,6518 S HOYNE AVE,0,16,WEST ENGLEWOOD,RS-3,"(41.77506673, -87.67658594)"
20-20-331-034-0000,7038 S RACINE AVE,0,6,WEST ENGLEWOOD,B1-1,"(41.76571583, -87.65448435)"
20-17-329-031-0000,6234 S ADA ST,2912,16,WEST ENGLEWOOD,RT-4,"(41.78020504, -87.65856165)"
20-20-102-037-0000,6340 S BISHOP ST,0,16,WEST ENGLEWOOD,RS-3,"(41.77832294, -87.66089159)"
20-30-206-026-0000,7114 S MARSHFIELD AVE,0,17,WEST ENGLEWOOD,RS-2,"(41.76437837, -87.665371)"
20-19-230-001-0000,6601 S PAULINA ST,5523,15,WEST ENGLEWOOD,RS-3,"(41.77383078, -87.66619257)"
20-18-426-045-0000,1834 W 63RD ST,0,15,WEST ENGLEWOOD,RS-3,"(41.7794757, -87.67042973)"
20-18-208-019-0000,5655 S DAMEN AVE,0,15,WEST ENGLEWOOD,B1-1,"(41.79045018, -87.67385555)"
20-18-403-042-0000,5950 S WOOD ST,2984,15,WEST ENGLEWOOD,RS-3,"(41.78518381, -87.66956462)"
20-18-425-032-0000,6242 S WOLCOTT AVE,0,15,WEST ENGLEWOOD,RS-3,"(41.77990231, -87.67184888)"
20-20-314-003-0000,6805 S THROOP ST,3144,17,WEST ENGLEWOOD,RS-3,"(41.77022104, -87.65633461)"
20-17-307-037-0000,5942 S RACINE AVE,0,16,WEST ENGLEWOOD,C1-1,"(41.785613, -87.65500788)"
20-19-404-025-0000,6740 S HERMITAGE AVE,0,16,WEST ENGLEWOOD,RS-3,"(41.77092449, -87.66797667)"
20-20-314-026-0000,6814 S ELIZABETH ST,0,17,WEST ENGLEWOOD,RS-3,"(41.76995413, -87.65581057)"
20-20-107-004-0000,1219 W 63RD ST,0,16,WEST ENGLEWOOD,C1-2,"(41.77933898, -87.65527145)"
20-17-123-045-0000,5758 S RACINE AVE,0,16,WEST ENGLEWOOD,B1-1,"(41.78882571, -87.65509047)"
20-20-105-003-0000,1319 W 63RD ST,0,16,WEST ENGLEWOOD,C1-2,"(41.77930313, -87.65779564)"
20-19-400-023-0000,6747 S DAMEN AVE,3125,16,WEST ENGLEWOOD,RS-3,"(41.77067928, -87.67342449)"
20-20-319-018-0000,6935 S BISHOP ST,3125,6,WEST ENGLEWOOD,RS-3,"(41.76754549, -87.65990262)"
20-18-411-015-0000,6037 S HONORE ST,0,15,WEST ENGLEWOOD,RS-3,"(41.78370819, -87.67004023)"
20-19-204-016-0000,6339 S WOOD ST,0,15,WEST ENGLEWOOD,RS-3,"(41.77821106, -87.66872305)"
20-17-128-013-0000,1348 W 59TH ST,0,16,WEST ENGLEWOOD,M1-1,"(41.78710053, -87.65902319)"
20-17-314-005-0000,6011 S THROOP ST,0,16,WEST ENGLEWOOD,RS-3,"(41.78463709, -87.6567127)"
20-29-114-046-0000,1212 W 72ND PL,3114,6,WEST ENGLEWOOD,B1-1,"(41.76257581, -87.65483352)"
20-17-127-003-0000,5805 S BISHOP ST,0,16,WEST ENGLEWOOD,RS-3,"(41.78836374, -87.6604542)"
20-19-411-002-0000,6803 S HONORE ST,3829,17,WEST ENGLEWOOD,RS-3,"(41.77010121, -87.66968434)"
20-29-129-032-0000,1270 W 74TH ST,0,17,WEST ENGLEWOOD,RS-2,"(41.75981948, -87.65668835)"
20-18-229-010-0000,5502 S PAULINA ST,0,15,WEST ENGLEWOOD,RT-4,"(41.78834561, -87.66722196)"
20-17-125-011-0000,5843 S JUSTINE ST,0,16,WEST ENGLEWOOD,M1-1,"(41.78731293, -87.66283974)"
20-20-319-004-0000,1417 W 69TH ST,0,6,WEST ENGLEWOOD,RS-3,"(41.76834318, -87.65983254)"
20-18-426-033-0000,6240 S HONORE ST,0,15,WEST ENGLEWOOD,RS-3,"(41.7799542, -87.67063874)"
20-17-120-029-0000,5710 S ADA ST,0,16,WEST ENGLEWOOD,RS-3,"(41.79007583, -87.65876712)"
20-18-226-002-0000,1855 W 58TH ST,0,15,WEST ENGLEWOOD,RS-3,"(41.78824152, -87.67143421)"
20-18-215-028-0000,5616 S ASHLAND AVE,0,16,WEST ENGLEWOOD,B3-2,"(41.79167224, -87.66492193)"
20-18-408-027-0000,6006 S WINCHESTER AVE,0,16,WEST ENGLEWOOD,RS-3,"(41.78455888, -87.67318451)"
20-17-123-042-0000,5752 S RACINE AVE,0,16,WEST ENGLEWOOD,B1-1,"(41.7890298, -87.65509582)"
20-19-231-026-0000,6632 S ASHLAND AVE,0,15,WEST ENGLEWOOD,C1-2,"(41.77298707, -87.6644562)"
20-18-228-009-0000,5802 S HERMITAGE AVE,0,15,WEST ENGLEWOOD,RS-3,"(41.78839477, -87.668438)"
20-19-419-033-0000,6922 S WOOD ST,0,17,WEST ENGLEWOOD,RS-3,"(41.76777235, -87.66910723)"
20-20-302-021-0000,6743 S LAFLIN ST,0,16,WEST ENGLEWOOD,RS-3,"(41.77096668, -87.66121171)"
20-17-424-035-0000,1148 W 63RD ST,0,16,ENGLEWOOD,C1-2,"(41.77972461, -87.65402403)"
20-17-308-032-0000,6032 S JUSTINE ST,0,16,WEST ENGLEWOOD,RS-3,"(41.78393693, -87.66346414)"
20-17-312-043-0000,1338 W 61ST ST,0,16,WEST ENGLEWOOD,RS-3,"(41.78343035, -87.65859567)"
20-17-122-030-0000,5716 S ELIZABETH ST,0,16,WEST ENGLEWOOD,RS-3,"(41.78997324, -87.65633452)"
20-17-400-005-0000,1147 W 59TH ST,0,16,ENGLEWOOD,B3-1,"(41.78678173, -87.65411825)"
20-17-327-037-0000,1448 W 63RD ST,0,16,WEST ENGLEWOOD,PD 911,"(41.77977356, -87.66126847)"
20-17-128-006-0000,5831 S LOOMIS BLVD,0,16,WEST ENGLEWOOD,M1-1,"(41.78754001, -87.65920318)"
20-19-106-005-0000,2049 W 63RD ST,0,16,WEST ENGLEWOOD,C1-2,"(41.7789897, -87.67581805)"
20-20-329-013-0000,7033 S ADA ST,0,6,WEST ENGLEWOOD,RS-3,"(41.76579712, -87.65742696)"
20-20-101-005-0000,1509 W 63RD ST,0,16,WEST ENGLEWOOD,B3-2,"(41.7792397, -87.66224735)"
20-17-122-045-0000,5752 S ELIZABETH ST,0,16,WEST ENGLEWOOD,RS-3,"(41.78894399, -87.65630733)"
20-17-224-031-0000,5807 S RACINE AVE,0,16,ENGLEWOOD,M1-1,"(41.78821191, -87.65437519)"
20-17-123-024-0000,5759 S ELIZABETH ST,0,16,WEST ENGLEWOOD,RS-3,"(41.78881896, -87.65560528)"
20-18-427-001-0000,6201 S HONORE ST,0,15,WEST ENGLEWOOD,RS-3,"(41.7810937, -87.6699715)"
20-19-205-003-0000,1717 W 63RD ST,0,15,WEST ENGLEWOOD,B1-1,"(41.77910756, -87.66755022)"
20-29-109-024-0000,1223 W 71ST PL,0,6,WEST ENGLEWOOD,RS-2,"(41.76387117, -87.6550501)"
20-19-419-002-0000,1823 W 69TH ST,0,17,WEST ENGLEWOOD,RS-3,"(41.76822118, -87.66973062)"
20-18-406-003-0000,1651 W 59TH ST,0,15,WEST ENGLEWOOD,RS-3,"(41.78646165, -87.66644547)"
20-18-426-046-0000,6216 S HONORE ST,0,15,WEST ENGLEWOOD,RS-3,"(41.78061974, -87.6706563)"
20-20-317-033-0000,6934 S LAFLIN ST,0,16,WEST ENGLEWOOD,RS-3,"(41.7675326, -87.66160982)"
20-17-304-039-0000,5944 S ADA ST,3132,16,WEST ENGLEWOOD,RS-3,"(41.78733135, -87.65871003)"
20-17-113-007-0000,5617 S ADA ST,0,16,WEST ENGLEWOOD,RS-3,"(41.79176851, -87.65811279)"
20-17-400-047-0000,5950 S RACINE AVE,0,16,WEST ENGLEWOOD,C1-1,"(41.78542652, -87.65479753)"
20-20-107-018-0000,6338 S RACINE AVE,0,16,WEST ENGLEWOOD,C1-2,"(41.77847767, -87.65482708)"
20-20-103-004-0000,1413 W 63RD ST,0,16,WEST ENGLEWOOD,PD 911,"(41.77927031, -87.66010335)"
20-18-214-003-0000,5605 S PAULINA ST,0,16,WEST ENGLEWOOD,RS-3,"(41.79191853, -87.66661373)"
20-20-308-030-0000,6838 S JUSTINE ST,0,16,WEST ENGLEWOOD,RS-3,"(41.76921244, -87.66306785)"
20-17-408-001-0000,6001 S RACINE AVE,0,16,ENGLEWOOD,B1-1,"(41.78491319, -87.65429018)"
20-19-128-029-0000,6618 S SEELEY AVE,0,16,WEST ENGLEWOOD,RS-3,"(41.77326827, -87.67531735)"
20-18-431-001-0000,6201 S MARSHFIELD AVE,0,16,WEST ENGLEWOOD,RS-3,"(41.78111683, -87.66513063)"
20-20-327-025-0000,7018 S LOOMIS BLVD,0,6,WEST ENGLEWOOD,RS-3,"(41.76617268, -87.6593488)"
20-19-206-044-0000,1655 W 63RD ST,0,15,WEST ENGLEWOOD,B1-1,"(41.77912138, -87.66647753)"
20-18-112-017-0000,5600 S DAMEN AVE,0,15,WEST ENGLEWOOD,RS-3,"(41.79196539, -87.67460059)"
20-19-305-015-0000,2110 W 67TH PL,0,16,WEST ENGLEWOOD,RS-2,"(41.77124187, -87.67659153)"
20-19-211-041-0000,6448 S WOOD ST,0,15,WEST ENGLEWOOD,RS-3,"(41.77612465, -87.66935762)"
20-17-103-012-0000,5525 S BISHOP ST,0,16,WEST ENGLEWOOD,RS-3,"(41.79286725, -87.66057093)"
20-17-116-006-0000,5719 S ASHLAND AVE,0,16,WEST ENGLEWOOD,PD 1142,"(41.7897237, -87.66408613)"
20-19-205-042-0000,1723 W 63RD ST,0,15,WEST ENGLEWOOD,B1-1,"(41.7791063, -87.6676382)"
20-19-217-029-0000,6522 S WOLCOTT AVE,0,15,WEST ENGLEWOOD,RS-3,"(41.77500018, -87.67173248)"
20-17-305-005-0000,1315 W 59TH ST,0,16,WEST ENGLEWOOD,C1-1,"(41.7865828, -87.65776396)"
20-19-215-018-0000,6443 S MARSHFIELD AVE,0,15,WEST ENGLEWOOD,RS-3,"(41.77635132, -87.66505889)"
20-20-103-007-0000,1407 W 63RD ST,0,16,WEST ENGLEWOOD,PD 911,"(41.77927485, -87.65978279)"
20-20-317-038-0000,6946 S LAFLIN ST,0,16,WEST ENGLEWOOD,RS-3,"(41.76717604, -87.66180309)"
20-17-122-016-0000,5741 S THROOP ST,0,16,WEST ENGLEWOOD,RS-3,"(41.78927975, -87.65683226)"
20-30-122-032-0000,7320 S DAMEN AVE,0,17,WEST ENGLEWOOD,RS-2,"(41.76048271, -87.67377642)"
20-19-215-034-0000,6448 S ASHLAND AVE,0,15,WEST ENGLEWOOD,C1-2,"(41.77622103, -87.6645445)"
20-18-413-036-0000,6042 S PAULINA ST,0,15,WEST ENGLEWOOD,RS-3,"(41.78359759, -87.66709993)"
20-17-127-001-0000,5801 S BISHOP ST,0,16,WEST ENGLEWOOD,RS-3,"(41.78850098, -87.66045773)"
20-19-327-017-0000,2019 W 69TH ST,0,17,WEST ENGLEWOOD,RS-2,"(41.7683221, -87.67442488)"
20-19-223-032-0000,6528 S ASHLAND AVE,0,15,WEST ENGLEWOOD,C1-2,"(41.77494724, -87.66450977)"
20-20-115-036-0000,6530 S LOOMIS BLVD,0,16,WEST ENGLEWOOD,RT-4,"(41.77495181, -87.65958766)"
20-17-313-003-0000,6039 S ADA ST,0,16,WEST ENGLEWOOD,RS-3,"(41.78387451, -87.65790763)"
20-20-103-006-0000,1411 W 63RD ST,0,16,WEST ENGLEWOOD,PD 911,"(41.77927292, -87.65992014)"
20-19-336-037-0000,2024 W 70TH PL,0,17,WEST ENGLEWOOD,RS-2,"(41.76596728, -87.67455467)"
20-18-207-003-0000,1619 W GARFIELD BLVD,0,16,WEST ENGLEWOOD,B3-2,"(41.79336147, -87.66543429)"
20-18-429-006-0000,6213 S HERMITAGE AVE,3105,15,WEST ENGLEWOOD,RS-3,"(41.7806981, -87.66753971)"
20-18-404-037-0000,5934 S HERMITAGE AVE,0,15,WEST ENGLEWOOD,RS-3,"(41.78562456, -87.66836372)"
20-20-314-032-0000,6830 S ELIZABETH ST,0,17,WEST ENGLEWOOD,RS-3,"(41.76954242, -87.65579932)"
20-18-413-041-0000,1714 W 61ST ST,3125,15,WEST ENGLEWOOD,RS-3,"(41.7833347, -87.66739569)"
20-19-220-035-0000,6548 S HERMITAGE AVE,0,15,WEST ENGLEWOOD,RS-3,"(41.77437298, -87.6681015)"
20-18-112-022-0000,5612 S DAMEN AVE,0,15,WEST ENGLEWOOD,RS-3,"(41.79162734, -87.67459064)"
20-29-128-014-0000,1332 W 74TH ST,0,17,WEST ENGLEWOOD,C1-1,"(41.7597907, -87.65862378)"
20-18-428-035-0000,1746 W 63RD ST,0,15,WEST ENGLEWOOD,RS-3,"(41.77968051, -87.66851273)"
20-20-321-034-0000,6928 S THROOP ST,0,6,WEST ENGLEWOOD,RS-3,"(41.76777004, -87.65696655)"
20-17-324-016-0000,6140 S RACINE AVE,0,16,WEST ENGLEWOOD,C1-1,"(41.78189517, -87.65492636)"
20-18-207-001-0000,1625 W GARFIELD BLVD,0,16,WEST ENGLEWOOD,B3-2,"(41.79335927, -87.66561767)"
20-18-425-026-0000,6222 S WOLCOTT AVE,0,15,WEST ENGLEWOOD,RS-3,"(41.78047299, -87.67186406)"
20-20-110-033-0000,6426 S BISHOP ST,0,16,WEST ENGLEWOOD,RS-3,"(41.77689449, -87.66085167)"
20-17-128-008-0000,5830 S ADA ST,0,16,WEST ENGLEWOOD,M1-1,"(41.78754681, -87.65871566)"
20-18-404-027-0000,5955 S WOOD ST,0,15,WEST ENGLEWOOD,RS-3,"(41.78506891, -87.66886377)"
20-18-412-006-0000,6015 S WOOD ST,0,15,WEST ENGLEWOOD,RS-3,"(41.78440752, -87.66884651)"
20-17-112-028-0000,5610 S ADA ST,3110,16,WEST ENGLEWOOD,RS-3,"(41.79189568, -87.65881465)"
20-19-204-001-0000,1757 W 63RD ST,0,15,WEST ENGLEWOOD,B1-1,"(41.77908957, -87.66893144)"
20-18-225-022-0000,5830 S WOLCOTT AVE,0,15,WEST ENGLEWOOD,M1-1,"(41.78750512, -87.67205092)"
20-18-105-001-0000,2057 W GARFIELD BLVD,0,15,WEST ENGLEWOOD,RT-4,"(41.79326378, -87.67651069)"
20-17-330-007-0000,6217 S ADA ST,3156,16,WEST ENGLEWOOD,RT-4,"(41.78076122, -87.65789841)"
20-19-214-007-0000,6417 S PAULINA ST,0,15,WEST ENGLEWOOD,RS-3,"(41.7770896, -87.66628227)"
20-19-223-031-0000,6526 S ASHLAND AVE,0,15,WEST ENGLEWOOD,C1-2,"(41.77501586, -87.66451158)"
20-18-225-024-0000,5836 S WOLCOTT AVE,0,15,WEST ENGLEWOOD,M1-1,"(41.78736932, -87.67204737)"
20-17-109-022-0000,5659 S JUSTINE ST,0,16,WEST ENGLEWOOD,RS-3,"(41.79056852, -87.66292139)"
20-19-415-002-0000,6803 S MARSHFIELD AVE,0,17,WEST ENGLEWOOD,RS-3,"(41.77016755, -87.66483184)"
20-19-406-003-0000,1647 W MARQUETTE RD,3126,16,WEST ENGLEWOOD,RS-3,"(41.77190415, -87.6659713)"
20-19-127-017-0000,6641 S HAMILTON AVE,0,16,WEST ENGLEWOOD,RS-3,"(41.77264631, -87.67704563)"
20-20-109-013-0000,6431 S JUSTINE ST,0,16,WEST ENGLEWOOD,RS-3,"(41.77673393, -87.66257158)"
20-29-109-048-0000,1230 W 72ND ST,0,6,WEST ENGLEWOOD,RS-2,"(41.76347877, -87.65529318)"
20-17-125-017-0000,5808 S LAFLIN ST,0,16,WEST ENGLEWOOD,RS-3,"(41.78827969, -87.66235522)"
20-17-103-009-0000,5519 S BISHOP ST,0,16,WEST ENGLEWOOD,RS-3,"(41.79307171, -87.66057627)"
20-17-101-017-0000,5537 S JUSTINE ST,0,16,WEST ENGLEWOOD,RS-3,"(41.7925362, -87.66316725)"
20-17-321-038-0000,6130 S THROOP ST,0,16,WEST ENGLEWOOD,RS-3,"(41.78229825, -87.65745598)"
20-20-101-003-0000,1515 W 63RD ST,0,16,WEST ENGLEWOOD,B3-2,"(41.7792371, -87.66243063)"
20-18-212-022-0000,5600 S HERMITAGE AVE,0,15,WEST ENGLEWOOD,RS-3,"(41.79207466, -87.66833005)"
20-18-422-030-0000,6118 S MARSHFIELD AVE,3117,15,WEST ENGLEWOOD,RS-3,"(41.78248843, -87.66585739)"
20-17-300-041-0000,5953 S ASHLAND AVE,0,16,WEST ENGLEWOOD,C1-2,"(41.78533342, -87.66397993)"
20-29-114-049-0000,7202 S RACINE AVE,0,6,WEST ENGLEWOOD,B1-1,"(41.76298996, -87.65441539)"
20-17-308-001-0000,6001 S ASHLAND AVE,0,16,WEST ENGLEWOOD,C1-2,"(41.78481556, -87.66397142)"
20-18-420-011-0000,6127 S WOOD ST,0,15,WEST ENGLEWOOD,RS-3,"(41.78224203, -87.66879014)"
20-19-122-020-0000,6551 S SEELEY AVE,0,16,WEST ENGLEWOOD,RS-3,"(41.7742162, -87.6746412)"
20-17-115-044-0000,5650 S RACINE AVE,0,16,WEST ENGLEWOOD,B1-1,"(41.79085015, -87.65514355)"
20-30-215-018-0000,7243 S MARSHFIELD AVE,0,17,WEST ENGLEWOOD,RS-2,"(41.76179421, -87.66460417)"
20-17-116-004-0000,5715 S ASHLAND AVE,0,16,WEST ENGLEWOOD,PD 1142,"(41.78986088, -87.66408951)"
20-20-109-010-0000,6423 S JUSTINE ST,0,16,WEST ENGLEWOOD,RS-3,"(41.77693971, -87.66257737)"
20-19-327-020-0000,2011 W 69TH ST,0,17,WEST ENGLEWOOD,RS-3,"(41.7683252, -87.67412255)"
20-18-225-023-0000,5834 S WOLCOTT AVE,0,15,WEST ENGLEWOOD,M1-1,"(41.78743791, -87.67204918)"
20-17-301-009-0000,1505 W 59TH ST,0,16,WEST ENGLEWOOD,B3-1,"(41.78652006, -87.6622676)"
20-18-426-015-0000,6239 S WOLCOTT AVE,3100,15,WEST ENGLEWOOD,RS-3,"(41.78001532, -87.67115413)"
20-19-413-040-0000,1712 W 69TH ST,0,17,WEST ENGLEWOOD,RS-3,"(41.76877458, -87.66700729)"
20-17-114-001-0000,5601 S THROOP ST,0,16,WEST ENGLEWOOD,RS-3,"(41.79219582, -87.65690927)"
20-17-321-018-0000,6129 S ADA ST,0,16,WEST ENGLEWOOD,RT-4,"(41.78229146, -87.65794468)"
20-20-323-010-0000,6933 S ELIZABETH ST,0,6,WEST ENGLEWOOD,RS-3,"(41.76766148, -87.65505144)"
20-29-108-014-0000,1334 W 72ND ST,0,6,WEST ENGLEWOOD,RS-2,"(41.76342717, -87.65874134)"
20-20-200-010-0000,6319 S RACINE AVE,0,16,ENGLEWOOD,RT-4,"(41.7790365, -87.65414278)"
20-19-411-040-0000,1816 W 69TH ST,0,17,WEST ENGLEWOOD,RS-3,"(41.76874777, -87.66950059)"
20-18-428-026-0000,6232 S HERMITAGE AVE,0,15,WEST ENGLEWOOD,RS-3,"(41.78027728, -87.66822577)"
20-18-208-005-0000,5615 S DAMEN AVE,0,15,WEST ENGLEWOOD,B1-1,"(41.79164364, -87.67389125)"
20-18-414-023-0000,6016 S MARSHFIELD AVE,0,15,WEST ENGLEWOOD,RS-3,"(41.7843086, -87.66590347)"
20-20-310-029-0000,6826 S BISHOP ST,0,17,WEST ENGLEWOOD,RS-3,"(41.7695859, -87.66065753)"
20-20-102-013-0000,6321 S LAFLIN ST,0,16,WEST ENGLEWOOD,RS-3,"(41.77872718, -87.66141781)"
20-18-214-030-0000,5616 S MARSHFIELD AVE,0,16,WEST ENGLEWOOD,RS-3,"(41.79158896, -87.66608908)"
20-18-111-039-0000,5658 S SEELEY AVE,0,15,WEST ENGLEWOOD,RS-3,"(41.79038746, -87.67578903)"
20-20-317-017-0000,6935 S JUSTINE ST,0,16,WEST ENGLEWOOD,RS-3,"(41.76751187, -87.66232825)"
20-20-110-037-0000,6434 S BISHOP ST,0,16,WEST ENGLEWOOD,RS-3,"(41.7766201, -87.66084431)"
20-20-116-008-0000,6635 S ASHLAND AVE,2841,16,WEST ENGLEWOOD,B3-2,"(41.77291921, -87.66365423)"
20-19-112-031-0000,6420 S HOYNE AVE,0,16,WEST ENGLEWOOD,RS-3,"(41.77681267, -87.67663213)"
20-19-417-018-0000,6949 S WINCHESTER AVE,0,17,WEST ENGLEWOOD,RS-3,"(41.76703006, -87.67203254)"
20-17-208-008-0000,5619 S RACINE AVE,0,16,ENGLEWOOD,B3-2,"(41.79174897, -87.6544679)"
20-19-227-011-0000,6633 S HONORE ST,0,15,WEST ENGLEWOOD,RS-3,"(41.77294581, -87.66997471)"
20-20-400-008-0000,6717 S RACINE AVE,0,16,ENGLEWOOD,RS-3,"(41.77176138, -87.65395156)"
20-19-430-025-0000,7014 S MARSHFIELD AVE,0,17,WEST ENGLEWOOD,RS-3,"(41.76617288, -87.66541902)"
20-19-229-029-0000,6624 S PAULINA ST,0,15,WEST ENGLEWOOD,RS-3,"(41.77318457, -87.66686716)"
20-20-116-017-0000,6604 S JUSTINE ST,0,16,WEST ENGLEWOOD,RS-3,"(41.77374895, -87.66318347)"
20-18-422-024-0000,6100 S MARSHFIELD AVE,0,15,WEST ENGLEWOOD,RS-3,"(41.78293444, -87.6658687)"
20-19-413-041-0000,1710 W 69TH ST,0,17,WEST ENGLEWOOD,RS-3,"(41.76877548, -87.66691563)"
20-19-202-006-0000,1843 W 63RD ST,0,15,WEST ENGLEWOOD,RS-3,"(41.77906096, -87.67084953)"
20-17-312-027-0000,6022 S ADA ST,0,16,WEST ENGLEWOOD,RS-3,"(41.78427498, -87.65861713)"
20-19-218-015-0000,6545 S WOLCOTT AVE,0,15,WEST ENGLEWOOD,RS-3,"(41.77442057, -87.67102206)"
20-20-307-029-0000,6758 S RACINE AVE,0,17,WEST ENGLEWOOD,RS-3,"(41.77063219, -87.65461913)"
20-19-430-020-0000,7002 S MARSHFIELD AVE,0,17,WEST ENGLEWOOD,RS-3,"(41.76651586, -87.66542827)"
20-18-425-004-0000,6211 S WINCHESTER AVE,0,15,WEST ENGLEWOOD,RS-3,"(41.78078649, -87.67238726)"
20-19-404-030-0000,6752 S HERMITAGE AVE,0,16,WEST ENGLEWOOD,RS-3,"(41.77058148, -87.66796743)"
20-18-117-033-0000,5744 S SEELEY AVE,0,15,WEST ENGLEWOOD,RS-3,"(41.78895964, -87.67573447)"
20-20-107-001-0000,1225 W 63RD ST,0,16,WEST ENGLEWOOD,C1-2,"(41.77933501, -87.65554426)"
20-20-104-011-0000,6330 S ADA ST,0,16,WEST ENGLEWOOD,RT-4,"(41.77866614, -87.65847663)"
20-17-321-016-0000,6125 S ADA ST,2932,16,WEST ENGLEWOOD,RT-4,"(41.7824287, -87.6579483)"
20-30-219-036-0000,7338 S WOOD ST,6255,17,WEST ENGLEWOOD,RS-2,"(41.76009605, -87.66889713)"
20-30-201-013-0000,7121 S WINCHESTER AVE,3125,17,WEST ENGLEWOOD,RS-2,"(41.76415838, -87.67195776)"
20-18-226-029-0000,1856 W 59TH ST,0,15,WEST ENGLEWOOD,M1-1,"(41.78692034, -87.67150654)"
20-19-412-020-0000,6802 S HERMITAGE AVE,0,17,WEST ENGLEWOOD,RS-3,"(41.77012955, -87.66795543)"
20-17-115-015-0000,5635 S ELIZABETH ST,0,16,WEST ENGLEWOOD,RS-3,"(41.79125441, -87.65566934)"
20-19-211-022-0000,6400 S WOOD ST,0,15,WEST ENGLEWOOD,RS-3,"(41.7774594, -87.66939571)"
20-17-329-011-0000,6229 S LOOMIS BLVD,2924,16,WEST ENGLEWOOD,RS-3,"(41.78040207, -87.65905132)"
20-17-128-005-0000,5829 S LOOMIS BLVD,0,16,WEST ENGLEWOOD,M1-1,"(41.78767721, -87.65920668)"
20-19-203-027-0000,6324 S WOOD ST,0,15,WEST ENGLEWOOD,RS-3,"(41.77854495, -87.66942643)"
20-19-327-018-0000,2015 W 69TH ST,0,17,WEST ENGLEWOOD,RS-3,"(41.76832365, -87.67427372)"
20-19-411-037-0000,1824 W 69TH ST,0,17,WEST ENGLEWOOD,RS-3,"(41.76874457, -87.66980314)"
20-17-128-019-0000,5800 S ADA ST,0,16,WEST ENGLEWOOD,M1-1,"(41.78824809, -87.65874219)"
20-18-431-006-0000,6217 S MARSHFIELD AVE,0,16,WEST ENGLEWOOD,RS-3,"(41.78072975, -87.66512094)"
20-20-319-005-0000,1415 W 69TH ST,0,6,WEST ENGLEWOOD,RS-3,"(41.7683446, -87.65974088)"
20-18-217-038-0000,5750 S WOLCOTT AVE,0,15,WEST ENGLEWOOD,RS-3,"(41.78877024, -87.6720844)"
20-18-409-025-0000,6000 S WOLCOTT AVE,0,15,WEST ENGLEWOOD,RS-3,"(41.78471073, -87.67197656)"
20-19-401-013-0000,6723 S WINCHESTER AVE,0,16,WEST ENGLEWOOD,RS-3,"(41.7713762, -87.67214514)"
20-20-308-009-0000,6831 S ASHLAND AVE,0,16,WEST ENGLEWOOD,C1-2,"(41.7694356, -87.66379595)"
20-19-127-016-0000,6639 S HAMILTON AVE,0,16,WEST ENGLEWOOD,RS-3,"(41.7727149, -87.67704748)"
20-19-200-020-0000,6353 S DAMEN AVE,0,15,WEST ENGLEWOOD,RS-3,"(41.77770704, -87.67351351)"
20-19-419-011-0000,1801 W 69TH ST,0,17,WEST ENGLEWOOD,RS-3,"(41.76822976, -87.668937)"
20-19-114-016-0000,6443 S SEELEY AVE,3750,16,WEST ENGLEWOOD,RS-3,"(41.77623093, -87.67469452)"
20-20-307-003-0000,6735 S ELIZABETH ST,0,17,WEST ENGLEWOOD,RS-3,"(41.7713101, -87.65515054)"
20-20-330-027-0000,7008 S ELIZABETH ST,0,6,WEST ENGLEWOOD,RS-3,"(41.76650373, -87.65571791)"
20-19-227-004-0000,6613 S HONORE ST,0,15,WEST ENGLEWOOD,RS-3,"(41.77350629, -87.66979413)"
20-19-211-037-0000,6436 S WOOD ST,0,15,WEST ENGLEWOOD,RS-3,"(41.77644703, -87.66936675)"
20-20-105-002-0000,1321 W 63RD ST,0,16,WEST ENGLEWOOD,C1-2,"(41.77930181, -87.65788722)"
20-20-319-029-0000,6916 S LOOMIS BLVD,0,6,WEST ENGLEWOOD,RS-3,"(41.76803174, -87.6593987)"
20-19-422-002-0000,1655 W 69TH ST,0,17,WEST ENGLEWOOD,RS-3,"(41.76826064, -87.66605378)"
20-19-207-007-0000,6333 S MARSHFIELD AVE,0,16,WEST ENGLEWOOD,RS-3,"(41.7784979, -87.66511724)"
20-29-129-031-0000,1272 W 74TH ST,0,17,WEST ENGLEWOOD,RS-2,"(41.75981813, -87.65678)"
20-18-416-006-0000,6117 S DAMEN AVE,3106,16,WEST ENGLEWOOD,RS-3,"(41.7824559, -87.67364308)"
20-17-114-039-0000,5636 S ELIZABETH ST,3125,16,WEST ENGLEWOOD,RS-3,"(41.79124443, -87.65636803)"
20-17-424-004-0000,6213 S RACINE AVE,0,16,ENGLEWOOD,C1-1,"(41.78099998, -87.65439064)"
20-20-102-003-0000,1447 W 63RD ST,0,16,WEST ENGLEWOOD,B3-2,"(41.77925427, -87.66122416)"
20-17-116-008-0000,5727 S ASHLAND AVE,0,16,WEST ENGLEWOOD,PD 1142,"(41.78958652, -87.66408275)"
20-17-300-013-0000,5947 S ASHLAND AVE,0,16,WEST ENGLEWOOD,C1-2,"(41.78533342, -87.66397993)"
20-17-312-032-0000,6034 S ADA ST,0,16,WEST ENGLEWOOD,RS-3,"(41.78393189, -87.65860839)"
20-20-112-044-0000,6550 S JUSTINE ST,0,16,WEST ENGLEWOOD,RS-3,"(41.77435586, -87.66320057)"
20-20-317-019-0000,6939 S JUSTINE ST,0,16,WEST ENGLEWOOD,RS-3,"(41.76737517, -87.66232439)"
20-30-214-043-0000,7248 S MARSHFIELD AVE,0,17,WEST ENGLEWOOD,RS-2,"(41.76164947, -87.66529918)"
20-18-425-003-0000,6209 S WINCHESTER AVE,2984,15,WEST ENGLEWOOD,RS-3,"(41.78086054, -87.67238922)"
20-18-411-012-0000,6031 S HONORE ST,0,15,WEST ENGLEWOOD,RS-3,"(41.78391393, -87.67004558)"
20-17-126-024-0000,5844 S BISHOP ST,0,16,WEST ENGLEWOOD,M1-1,"(41.78727809, -87.66113687)"
20-17-318-027-0000,6132 S BISHOP ST,3163,16,WEST ENGLEWOOD,RS-3,"(41.78218464, -87.66099211)"
20-18-422-011-0000,6129 S PAULINA ST,0,15,WEST ENGLEWOOD,RS-3,"(41.78220685, -87.66636602)"
20-17-115-040-0000,5640 S RACINE AVE,0,16,WEST ENGLEWOOD,B1-1,"(41.79112462, -87.65515076)"
20-17-109-025-0000,5606 S LAFLIN ST,0,16,WEST ENGLEWOOD,RS-3,"(41.79190878, -87.66245184)"
20-17-109-014-0000,5637 S JUSTINE ST,0,16,WEST ENGLEWOOD,RS-3,"(41.79114806, -87.66293658)"
20-17-328-038-0000,1412 W 63RD ST,0,16,WEST ENGLEWOOD,PD 911,"(41.77979225, -87.65997445)"
20-19-106-025-0000,6351 S HOYNE AVE,0,16,WEST ENGLEWOOD,RS-3,"(41.77776361, -87.6759556)"
20-30-209-015-0000,7237 S WINCHESTER AVE,0,17,WEST ENGLEWOOD,RS-2,"(41.76192188, -87.67189871)"
20-17-208-001-0000,5601 S RACINE AVE,0,16,ENGLEWOOD,B3-2,"(41.79223081, -87.65448053)"
20-19-326-003-0000,2118 W 69TH PL,0,17,WEST ENGLEWOOD,RS-2,"(41.7677597, -87.67694768)"
20-18-206-017-0000,5516 S MARSHFIELD AVE,3119,16,WEST ENGLEWOOD,RS-3,"(41.79307351, -87.66612702)"
20-18-429-039-0000,1710 W 63RD ST,0,15,WEST ENGLEWOOD,RS-3,"(41.77969757, -87.66721125)"
20-20-327-012-0000,7031 S BISHOP ST,0,17,WEST ENGLEWOOD,RS-3,"(41.76582191, -87.6598566)"
20-17-122-031-0000,5718 S ELIZABETH ST,0,16,WEST ENGLEWOOD,RS-3,"(41.78990462, -87.65633269)"
